（1埃居约合1点2美元），是1994年的3倍。这位大使告诉,1
（记者吴宇）今年1至11月份，上海市外贸进出口,1
（记者张建军）国务院今天召开会议，部署淮河流,1
（作曲家和指挥家）：1957年於湖南省出生，现居纽,1
）根据联合国人居署《2016年世界城市状况报告》，,1
）广东“85”期间（1991至1995年）电子工业,1
）形势密不可分。进入90年代，随着中国沿海、沿边,1
）中国闽南3角地区在过去的5年间经济高速增长，从而跻,1
，“中国的文化和美食1直令人10分向往。”此,0
，10000000美元以上的大项目213个,0
，比1990年提高了11点1个百分点，这充分表,0
，比1993年提高了4点1个百分点。机电产品,0
，比先前的预测下调了0点9和1点7个百分点。,0
，产量分别成倍增长。长期发展慢的投资类电子产,1
，出口创汇近17亿美元，同比增长百分之31,0
，出口突破130亿美元，同比增长百分之20,0
，出口迅速增加，并在1995年扭转了对外贸易连年逆,1
，达202点12亿美元，其中出口139点6,0
，达42亿多美元，比上年增长百分之17以上，,1
，带动村民持续增收。如今，杨曙光创新设计的“,1
，缔造和平，以对付“明日的挑战”。他指出，“,0
，都取得了较好成效。近期还将在海参崴举行俄罗,1
，而明年仅增长百分之4点9，比10月份的预计,0
，发明专利申请量连续8年居世界第1。胡国华，,1
，发展前景仍10分光明。这样的信心从何而来,0
，分别占总量的百分之12点6和百分之82点4。,0
，工业总产值为24亿元，出口创汇达6000,0
，共吸纳外资7亿多美元。基础设施、基础产业,0
，规模居全国第1位。今年以来，国际跨国公司继,1
，合同外资10多亿美元，是山东省目前最大的,0
，合同外资增资额即达12点34亿美元，分别比去,0
，加速实施外贸企业多元化经营战略，使全市7,0
，坚持立查立改。截至目前，全市新增停车泊位2,1
，将可能使住宅业成为1998年国民经济新的增长点。,1
，尽管亚洲1些国家的金融动荡会使这些国家的,0
，可以共同研究和解决未来的问题。地球生物基因,1
，略低于去年的百分之9点7，1998年预计增,0
，面对国内外风险挑战明显增多的复杂局面，中,0
，面对国内外风险挑战明显增多的复杂局面，中,0
，明确目标责任，建立清单台账，跟进督查指导,0
，谋划人类共同的美好未来。,0
，那条马路有了改观。1997年，新舟镇政府出资，干,1
，其中包括400亿港元累积盈利。注：自19,0
，其中超过810亿美元（6318亿港元）是,0
，且具有较好协同性。10月以装备制造业和高技术,1
，去年11月27日到今年3月15日东莞地区海关共接受企,1
，热战和冷战虽已成为过去，但动荡和冲突仍看不,0
，人均国内生产总值达2点770000元，达到,0
，日本经济增长百分之1点25。此外，发达国家,0
，生活贫困，很多人对未来失去信心。同时，贫民,1
，使淮河初步变清。从现在起用3年多的时间，所,1
，双边贸易发展较快。目前，中国是乌拉圭羊毛的,1
，同比增长百分之9。全年新批外商投资企业接近,1
，危机重重。但是，从1989年开始，欧洲形势又发生,1
，武汉大学毕业的。”去年研制成功的“曙光10,1
，协议总投资额62亿元人民币，其中外资占1,0
，新闻及广播中心原定7月10日关闭，但由於所有租用,1
，需要花费很长时间。2016年诺贝尔生理学或医学奖,1
，亚洲地区经济可望在1999年开始回升，但不会象墨,1
，研制出用于“东方红1号”人造卫星计算工作的,0
，有记者询问国防部对10月22日闭幕的第9届北京香山,1
，与中国草签了5亿多元人民币的合作协议，准,0
，雨天更是清洁如洗。2010年，新舟到虾子路段又改,1
，在世界上是空前的。前不久，耗资约40亿元的芜,1
，增长百分之6点3。今年深圳全年实际利用外资,1
，这对屡遭家庭变故的秦怡来说并不是1笔小数,0
，知晓了明礼遵规的文明法则，读懂了勤劳善良,0
，撞击的彗核编号为第21号，这次相撞不在中国视,0
、创造就业岗位，而且10分重视城中村改造、城乡,0
、促进人的全面发展指明努力方向。个人品德是,0
、动荡、冲突和剧变。现在，热战和冷战虽已成为,1
、法3国的士兵也将于9月初最后撤离柏林。德国领,1
、福建、浙江、北京、辽宁、天津、河北。10,0
、各街道办事处召开协商会，确定对所辖130,0
、快速行驶新华社北京1月14日电（记者周宗敏）在成,1
、刘峰、王云娜、杨文明、李茂颖、王沛、张艺,0
、上市公司13家。在过去5年间，厦门实际利用外资6,1
、石板材等优势行业。去年全市乡镇企业总产值首,1
、文化、社会、生态文明、军事、外事等各方面,0
、文化、社会、生态文明、军事、外事等各方面,0
、张学友、郭富城、黎明、林子祥、刘德华、谭,0
.340000亿元。近5年来，各地累计培训了1,1
.50000件，连续2年居全球第2位。据世界,1
.7%和71.3%。今年，在北京展览馆举办的,1
．98亿美元，分别比1996年增长百分之15和百分,1
。2015年11月和2018年4月，国家安全机关先后开,1
。3角地区的泉州市，过去5年间国民生产总值年均递增,1
。报告说，在联合国自1993年以来所监测的143个,1
。财政收支状况良好，金融运行平稳，房地产市,0
。程控电话总容量达77点810000门，移动,0
。根据联合国人居署《2016年世界城市状况报告》，,1
。根据它的最新估计，今年工业化国家的经济增长,1
。胡国华，新中国“第1号专利”发明人，原航天,0
。据悉，他们都准备在近期派人前来考察。,1
。每1个小我点亮1盏明德惟馨的心灯，簇起1,0
。外交部副部长刘华秋29日在这里同加米奥举行了,1
。习近平总书记指出，当前，我国面临对外维护国,1
。在神舟10号与天宫1号交会对接任务中，中科,0
。长治久安的制度保证31日下午，人民大会堂2层宴会,1
。这位大使告诉记者，目前欧盟同中国正在进行的,1
。证券分析员说，由于1996年香港地产大幅升值，令,1
；“6大创新”，即营商环境创新、投资贸易便,0
；在神舟11号与天宫2号交会对接任务中，中科,0
’功勋计算机”。进入21世纪，针对国产设备“缺芯,1
“8大行动”同非盟《2063年议程》以及非洲各国发,1
“短缺经济”年代后，商品供求关系已由“买方,0
“短缺经济”年代后，商品供求关系已由“买方,0
“含金量”与日俱增。2018年，我国专利、商标质押,1
“内乡5+”扶贫后，每年可获得稳定收入620,1
“人民艺术家”秦怡——银幕上不老的“,0
“深业控股”宣布，在2月21日至26日公开发售期间,1
“最美家乡河”。陈月明摄（影像中国）,0
”“党的19大作出到本世纪中叶把我国建成富强民,1
”期间（1991年至1995年），中国的对外开放以,1
”期间（1996年至2000年），4川盆地天然气年,1
”期间，中国共批准外商投资项目22点980,0
”期间，中国共批准外商投资项目22点980,0
”时期（1986年至1990年）增长1倍以上，在世,1
”重现风采新华社杭州10月18日电（记者陈瑶）随着远,1
《创新中国》开播仪式10月30日在捷克首都布拉格举行,1
《联结：通向未来的文明史》这本书所描述的现,0
《铁道游击队》《女篮5号》《青春之歌》等数1,0
《新中东》1书中文版近日已由新华出版社出版发,1
·900分名列榜首，今天她第5个出场。她的动,1
·德拉克鲁斯表示，在当前经济全球化遭遇逆风的,1
·科契特基娃以9·850分获得铜牌。本届锦标赛,0
0，其中出口42亿美元，增长百分之13点5,0
00000件，用时仅27年，成为世界上实现这1,1
0000吨。据介绍，近几年来，油田加大了对油气资,1
0000套，成为中国目前生产规模最大的彩色玻,1
0000亿立方米。到1997年底累计探明储量5100,1
0000元。据估算，近年来，她累计捐款超过6,1
000吨甲醇项目将于今年动工兴建。此外，为提,1
000港元，中央政府今日将土地基金移交特区政,1
000美元新华社上海12月9日电（记者周解蓉陆斌中,1
000年的3.6%。1999年，我国出台《面向21,1
000年约7.9亿，2014年达到8.8亿。贫民窟,1
00埃居（1埃居约合1点2美元），是1994,0
00多万美元，是山东目前最大的农业综合开发项,1
00美元对图们江开发前期工作予以资助；瑞典出,0
00亿元至7000亿元，社会消费品0售总额,0
01．78亿美元，比上年增长百分之18点85,1
014年，9旬高龄的秦怡登上青藏高原，拍摄,0
018年，我国专利、商标质押融资总额达到1,0
019年11月1日—3日江苏·徐州,1
020000人。中共11届3中全会以来，重庆的,0
020000人。中共12届4中全会以来，重庆的,0
020000人。中共13届5中全会以来，重庆的,0
020000人。中共14届6中全会以来，重庆的,0
020000人。中共15届7中全会以来，重庆的,0
020000人。中共16届8中全会以来，重庆的,0
020000人。中共71届9中全会以来，重庆的,0
08年汶川大地震后，秦怡拿出自己绝大部分积,0
0多万。近几年台湾厂商也在广东设立7000,0
0多万。近几年台湾厂商也在广东设立7000,0
0多亿美元，是山东省目前最大的利用外资项目。,1
0分场的1名勤杂工，每月工资3500元。“以,1
0分消极。1些研究表明，贫民窟居民已经形成,0
0家，实际利用外资总金额1亿6000多万美,0
0年来最差的1次，说明水平在下降；而罗莉、,0
0平方米。政府发言人今日宣布新闻及广播中心关,1
0平方米商品房积压。金融部门已被要求开展职,0
0以上的高速度增长，1996年已达950亿元。深圳,1
0亿美元，增长百分之14点5；加工贸易持续稳定,0
0亿元。2016年至2018年，我国知识产权使用费,1
0元。“以前熬日子，现在是奔日子。”董景彦说,1
1。1994年墨西哥金融危机爆发后，墨货币,0
1。历史和现实充分证明，中美合则2利、斗则,0
104个村（社区）共清理牌匾714块。普洱,0
10点8。发展中国家1997年将维持1996年的百,1
10年，投资120亿元建设4通8达的公路网,0
10年前我到过宁波，10年后城市的街道、建筑变化,1
10省市合计出口1621点9亿美元，占全国的百,0
10月份制造业采购经理指数,1
11个国家级开发区，1直是外商投资的热点，今,0
11月份，全省新批外商直接投资项目1819,0
11月份，全省新批外商直接投资项目1819,0
11月起实施本报北京10月31日电（记者吴秋余）记者,1
12月22日电在即将过去的1997年，深圳、,0
139点6亿美元，比去年同期分别增长百分之21点,1
13点1。出口市场多元化，香港在中国对外贸,0
14点5下降到百分之13点1。出口市场多元化，,0
15。沿江地区已成为90年代中国经济新的增长点。,1
1891年重庆辟为通商口岸，1929年重庆,0
1891年重庆辟为通商口岸，1929年重庆,0
18年的83.6%。上世纪末，伴随国企改革、减员,1
19年10月28日至31日在北京举行。出席这次,1
19年10月28日至31日在北京举行。出席这次,1
1个百分点，这充分表明中国工业产品的制造水,0
1行是应外交部邀请于8月29日来华访问和进行2国外,1
1行应外交学会邀请于30日抵京，他们还将前往上,1
1和百分之12点5。去年中国初级产品进口增长,1
1面，撞击的彗核为第18号，天文爱好者可用小型,0
1区、10县（市）。1995年末总人口1520000,1
1项，合同投资金额24点6亿美元，实际利用外,0
1项，合同投资金额24点6亿美元，实际利用外,0
1项长期任务。特别是当今世界面临百年未有之大,1
1亿美元，增长百分之13点6，其中出口和进口分,0
1亿美元，增长百分之13点6，其中出口和进口分,0
1亿美元，增长百分之15点8，占全国外贸总值的,0
2，高于去年的百分之3点7，1998年预计增,0
20000人以上乡镇每年预算1000000元,1
20000人以下乡镇每年预算500000元，,1
2000万美元猛增到12月份的7．22亿美元，,1
2014年首次过半，2018年进1步提高到56%。,1
2019）致贺信，表明了中国对科技发展的高,0
2019年全国“双新双创”博览,1
20日电（记者吴宇）今年1至11月份，上海市,1
213个，协议外资59点34亿美元，分别占总,0
220点2亿美元，比1993年增长了百分之73。记,1
22日电在即将过去的1997年，深圳、珠海、汕头、,1
2418公里；道路照明灯达25940000,0
2居室经济适用房，按1996年的成本价需要12年，,1
2年的0.6%上升到2000年的3.6%。1999,1
2年的5.2年提高到2018年的9.26年，增幅将,1
2年的7.2%提高到2018年29.3%，呈现稳步,1
2时半，彗核编号为第19号，可进行射电天文观测,0
2亿60000000元的青海石油管理局格尔,0
2亿美元，增长百分之11点3，占外贸总值的百分,0
2亿美元，增长百分之12点5；初级产品出口23,0
2亿美元，增长百分之13点5。今年前10个月厦,0
2亿元，其中自筹资本金10亿元，建设期为3,0
2月份的7．22亿美元，使1997年全年的,0
3，低于去年的百分之4点4，1998年预计增,0
3000000吨，到2005年，年产量达到1000,1
30点32亿美元，比去年同期增长百分之84点3，,1
30点32亿美元，比去年同期增长百分之84点3，,1
30岁左右的年轻人。宋健今天向出席会议的数,0
30座大桥的规划。受当时国力所限，这1宏伟的,1
31日电（记者王浩）10月31日，国家农业基础性科技,1
31日电（李龙伊、李清华）10月31日下午，国防部举行例行记者,1
33。重庆市现有各类商业机构210多万个，,0
33。重庆市现有各类商业机构210多万个，,0
3产业产值达247亿元，占国内生产总值的百,0
3大基础设施衔接项目目前进展顺利。深圳特区今,1
3大基础设施衔接项目目前进展顺利。随着1批大,1
3点6。海南特区经济今年预计全年经济增长速度,1
3点9，明年为百分之3点6。其中美国明年的经,0
3个季度，全市新签外商直接投资项目148个,0
3个季度，全市新签外商直接投资项目148个,0
3个季度，全市新签外商直接投资项目148个,0
3个季度，全市新签外商直接投资项目148个,0
3个星期前启用以来，1直运作顺利。他说：「1,0
3峡工程的顺利实施。1993年，中国政府宣布了1项,1
3亿美元，增长百分之9点1，占外贸出口总值的,0
3月4日电（记者顾万明）广东“85”期间（,0
3资企业投产、开业。今年前3个季度，全市新签,1
4000000人；工商资本下乡15.230,0
40亿元，增长百分之6点3。财政收支状况良好,0
40亿元，增长百分之6点3。今年深圳全年实际,0
42亿吨。目前，已探明22个油气田石油储量,0
48个，实际利用外资7点16亿美元；全市出口,0
48个，实际利用外资7点16亿美元；全市出口,0
4次全体会议”的会标10分醒目，10面红旗分列,0
4日电（记者丁锡国）今年，山东省开始在全省范,1
4月初为大雪封山期。前不久，驻守在这里的南部战,1
5，低于去年的百分之7点4，1998年预计增,0
5。此外，报告还估计1997年世界贸易增长百分之9,1
5；初级产品出口239点3亿美元，增长百分之,0
5”期间（1986至1990年）成套引进国外先进技,1
5”期间（1991至1995年）电子工业新兴产业发,1
5”期间（1996至2000年）的重大科技产业化工,1
5”期间（1996至2000年）利用这1地区丰富的,1
5”增长了9点1倍和6点84倍，而且外资更多,0
50，这1指标意味着目前中国的经济生活有近1,1
50000吨，相当于1990年的2倍，在中国海水产,1
5000美元的目标，今后3年上海国内生产总值平均,1
50亿元以上。兵团从50年代末开始承担对越南的农业,1
52点2，比上年提高1点6个百分点。国有企业,0
55亿元，增长百分之17点5。香港回归后，深港,0
5点3的低增长状态，1998年预计将增长百分之7。,1
5点7的经济增长率，1998年预计将增长百分之5。,1
5年为78．89亿美元，1996年为64．,0
5亿立方米，总投资38点2亿元，其中自筹资本,0
6000000平方米商品房积压。金融部门已,0
6000000平方米商品房积压。金融部门已,0
60家，总投资2亿美元。上海的对外工程承包,0
6点2。其中工业国今明2年的贸易增长幅度为,0
6和百分之119，是近几年情况最好的。特别是中,1
6集。该节目主要讲述近年来中国在科技、制造等,1
6日电（记者周长庆）今年以来，联合国开发计划,1
6亿美元，增长百分之12点7，占外贸总值的百分,0
6月份实现扭亏为盈，全年预计实现利税180亿,1
700亿港元的土地基金资产今日（星期2）移,0
787分获吊环金牌。今天吊环决赛是历届体操锦,1
7次全体会议本报北京10月31日电（记者王迪）国家副,1
7点9提高到百分之31点5。如今，上海已与2,0
7年的0.6件增长至2019年6月底的12.5件。在发明,1
7年突破2200亿美元，创新的历史纪录。然,0
7年增粮68亿斤，到2020年增粮100亿斤。与此,1
7日晚7时半，碰撞后15分钟内，碰撞地区开始转向,1
7亿美元，增长百分之16点0，其中出口42亿美,0
7亿美元，增长百分之23点6，并呈现出较强的增,0
7月份的2000万美元猛增到12月份的7．,0
800亿元，巨额公积金在支持个人购房和住房,0
80年代起，专利法、商标法、著作权法、知识,0
819个，协议外资76点94亿美元，规模居全,0
86个。近年来，中国10分重视天然气工业的发展,0
86年。西方发达国家1直禁止向中国出口重要的,1
86年根据中英联合声明的规定成立，订明由联,0
8点8。5个经济特区全年共出口231点8亿美,1
8和百分之5点7，比先前的预测下调了0点9和,0
8年的0.2%提高到2018年的83.6%。上世纪,1
8日电（记者车晓蕙）今天，由中国贸易促进会广,1
8日电（记者杨福田）今年以来，中国经济强省江,1
8亿美元，增长百分之15点6。深圳外贸出口迅速,0
8亿美元，增长百分之15点6。香港回归后，深港,0
95年出口电话机732点50000台，彩电3,0
95年扭转了对外贸易连年逆差的形势，至今连续,1
979年的这家公司，目前已由初期提供介绍、招,1
97年估计增长百分之0点5，1998年预计增,0
97年估计增长百分之5点2，高于去年的百分之,0
97年可望增长百分之9点3，略低于去年的百分,0
97年亚洲金融危机和2008年国际金融危机对我国经,1
98年预计增长百分之1点5。此外，报告还估计,0
98年预计增长百分之3点25。俄罗斯1997,0
98年预计增长百分之3点5。不包括中国在内，,0
98年预计增长百分之6点25。中国经济199,0
990年约6.9亿，2000年约7.9亿，2014,1
995年完成产值138点7亿元，比1990年,0
996年已达950亿元。深圳经济实力的增强,0
996年增长百分之39点9和百分之38点2。,0
997年的120个和1993年的67个国家。根据这,1
997年将增长百分之6点5，低于去年的百分之,0
998年将降为百分之2点5。1997年发达国,0
9核电产业链高峰论坛30日至31日在山东省烟台,1
9年，我国出台《面向21世纪教育振兴行动计划》，,1
9年迎接新中国诞生时秦怡发自心底的声音。回,0
GIS）软件技术大会10月30日在京举行。作为数字经,1
I）为49.3%，较上月下降0.5个百分点。,1
MI为50.3%，较上月上升0.5个百分点，,1
MI为51.4%，较上月上升0.1个百分点，,1
安德鲁·霍尔尼斯将于11月3日至9日来华出席第2届,1
安排，《创新中国》自31日起在捷克雷吉奥电视台,1
安全地方标准的制定，明确企业标准的备案范围,0
岸，它发展得很快，这10分令人高兴。”全国政协,0
巴黎工商会派出的大型商业代表团，今天离京赴,0
巴黎工商会派出的大型商业代表团，今天离京赴,0
把失业率控制在百分之3点5以内。据估计，农业,0
把我国建成富强民主文明和谐美丽的社会主义现,0
把这次全会开好。”从28日下午开始，全体与会同志分,1
白俄罗斯分享其他3枚金牌。参加今天比赛的2,0
百分点。国有企业与外商投资企业齐头并进，国,0
百分点。国有企业与外商投资企业齐头并进，国,0
百分之0点8。预计，1998年美国经济增长百分之2,1
百分之10。报告说，1997年是经济转轨国家自停止,1
百分之13点6。预计全年外贸进出口总额77亿,1
百分之13点6。预计全年外贸进出口总额77亿,1
百分之40。区内企业全年完成工业总产值470,1
百分之46点9。在外商投资企业中，外商独资,0
百分之46点9。在外商投资企业中，外商独资,0
百分之6点8和百分之5点7，比先前的预测下调,0
百分之9。全年新批外商投资企业接近1600,0
百分之9。全年新批外商投资企业接近1600,0
百分之9点3，略低于去年的百分之9点7，19,1
百分之9点3和百分之6点1，发展中国家的增长,0
百分之9点6和百分之7点7。报告认为，如果经,0
摆渡车，并全面抓好昆明火车站及周边区域道路,0
摆在更加突出的位置。28日上午举行的第1次全体会议,1
版）从减少各类办税证明、简化办税流程、压减,0
办对此给予充分肯定。去年年末，中国在1系列会议上,1
办了计算机公司，成为今天的联想。此后，1大批,1
半到晚上8点半，每隔10分钟就有1辆开出，有中巴,1
保·奥夫内尔以9·725分获银牌，罗马尼亚的丹,0
保持密切沟通，目前磋商工作进展顺利。双方将,0
保持稳定增长。记者从今天在京召开的全国化工厅,1
保拥有5000多年文明史的中华民族实现“2,0
保拥有5000多年文明史的中华民族实现“2,0
保拥有5000多年文明史的中华民族实现“2,0
保障兜底的作用。进入新世纪，我国开始建立以社会,1
保证和舆论支持。黄坤明指出，这次全会是在新,0
报告认为，如果经济和金融政策得力，亚洲地区,0
爆发后，国民党政府于1937年西迁重庆，沿海工业也,1
北曾侯乙墓发现1套有2400年历史的精美编钟。全套,1
北京3月6日电国务院今天正式向8届全国人大5,1
备总额约1700亿港元的土地基金资产今日（,0
本，甚至开始参与国际金融运作。,0
本报北京11月1日电今日，人民日报福建厦门、,1
本报记者管克江、韩晓明、曲颂、赵成、王骁波,0
本届比赛女子个人全能金牌得主、美国的米勒在,0
本具备了与香港国际性金融、运输、信息中心等,0
本市场、保险业、连锁商业、批发销售、集装箱,0
本市场、保险业、连锁商业、批发销售、集装箱,0
比10月份的预计低了1点3个百分点。其中亚洲,0
比去年同期增长百分之11点9。海陆空现代化交通,0
比去年同期增长百分之11点9。以海港、空港为中,0
避免了交叉感染。图为10月31日，1个孩子对着晨检机,1
表的公报，墨对外贸易1997年继续高速增长，进出口,1
表明，放任自流不是文明养成之道，1个社会整,0
别福利住房新华社济南1月4日电（记者丁锡国）今年,1
别是已办成的项目，外商纷纷追加投资。仅据2,0
别是已办成的项目，外商纷纷追加投资。仅据2,0
宾等国的经济增长都将明显放慢。基金组织还对,0
并保存其价值。土地基金成立11年以来，虽经,0
并取得了很大的进展；今年10月，欧盟委员会副主席布,1
病毒携带者带来福音。晚期乙肝疾病往往会转化为,1
拨款1000000美元对图们江开发前期工作,0
玻壳，规格从35厘米1直到84厘米，并为下1,0
伯人，在我们共同走向未来道路上仿效的榜样。”,0
博；在某购物平台上，每天约有300000视障,1
补这1损失。报告估计1997年世界经济增长百分之3,1
不断加大。2014—2017年，全国开展政府补贴性,1
不会轻易实现的，需要明智的态度和献身精神。,0
不是1笔小数目。她还1直关心中国电影“走出去,1
步建立现代企业制度。目前，国务院正在研究制定,1
部影片。青春年少时，秦怡就经受抗战烽火洗礼,0
部职工切身利益。安徽明确改革试点中人员过渡,0
才政策的主导方向。”近年来，广东人才市场高潮迭,1
财政赤字减少100亿元。在告别了“短缺经济,0
彩虹桥畔幸福花开（70年，共同走过·大国小家,1
参加仪式，但97岁的秦怡始终打足精神，要在,0
操锦标赛决出5个单项金牌中国罗莉高低杠赛独,0
测的143个国家中，1998年将有131个国家的人,1
测研究和精确计算，于近日预测出中国观测这次天,1
策部署的“诞生地”。今天，举世瞩目之中，又1,1
策的全面性、独立性和长期性，表示要进1步促进,0
查。吉林省珲春市市长金硕仁说：“国际社会的,0
差曾高达180多亿美元，巨额贸易逆差是引发,0
差额呈大幅递降趋势：1995年为78．89亿美元，,1
差额几乎成倍增长，由7月份的2000万美元猛,1
产品出口量迅猛增多，1995年出口电话机732点5,1
产品种类近200个。2017年被批准列为第1批国家,1
产再传捷报新华社西宁1月3日电（记者徐鸿伟）青海,1
产值可达到3000亿元，继续保持百分之8的,0
产值预计达1255亿元，比去年增长百分之1,0
产值预计达1255亿元，增长百分之17点5,0
产总值可达1130亿元，比去年增长百分之1,0
产总值可达1130亿元，比去年增长百分之1,0
产总值年均增长百分之14点2，今年的增长速度也,0
场的“龙头”机构，适当时候将注入母公司的优质,0
场魅力，帮助全世界的商品在中国亮相。”在迪,0
成，集资额超过4亿港元。此间证券分析员指出,0
成60多家年产值上亿元的工业企业，股份有限,0
成本。北京的经济学家最近在对今年经济分析预测,1
成功数字程控交换机。如今国产的高性能电话程控,1
成为上市公司，筹措资金150亿元，盘活了存,0
成新机制。山东是中国目前第1个实行住房货币化,1
成长、兴盛几个阶段，目前正方兴未艾。第6届远,1
呈现喜人的增长势头，全年国内生产总值可达11,1
诚，塑造众多艺术形象1922年出生的秦怡，16岁开,1
承包业务也发展迅速，今年已新签海外工程承包及,1
承担的方向迈出步伐。明显的标志是，住房公积,0
程的中坚力量。在神舟10号与天宫1号交会对接任,0
程实际投资，仅为国内目前成套引进国外技术和设,1
持1996年的百分之5点7的经济增长率，19,0
持30%以上的增速。今年将有20余家乌兹别克,1
持并向全球公布的。自1995年底该计划由论证阶段转入,1
持家庭联产承包责任制长期不变，积极探索建立土,0
持今年的水平。在谈到来年欧（盟）中关系前景时,1
持了较高的生产效益。目前，他们已同日本、澳大,1
持稳定增长新华社北京12月22日电（记者钱彤）中国化,1
持增长，达42亿多美元，比上年增长百分之1,0
充分调查，并对该地区未来工业发展项目提出建议,1
出，坚持和完善生态文明制度体系，促进人与自,0
出，坚持和完善生态文明制度体系，促进人与自,0
出、联合国开发计划署1991年确定支持并向全球公布,1
出。综合各方面因素，今年对外贸易额仍将稳定增,1
出的大型商业代表团，今天离京赴3峡库区，准备,1
出口1526点2亿美元，增长百分之11点3,0
出口1621点9亿美元，占全国的百分之88,0
出口1630点6亿美元，增长百分之12点7,0
出口竞争力大大增强。近几年来，政府大力支持出口，,1
出口增长速度造成的。去年下半年，墨进口增长平均速度,1
出口值达400多亿美元，约占全省出口总值的,0
出口总额64点1亿美元，增长百分之13点6,0
出口总额64点1亿美元，增长百分之13点6,0
出现40亿至50亿美元的贸易逆差。,0
出现新局面新华社北京3月3日电（记者周亮）“85,1
初步变清。从现在起用3年多的时间，所有的企业都,1
除了古典音乐，马友友近年也有演奏田园音乐，同,1
础。深圳特区国民经济1997年继续呈现喜人的增长势,1
础设施和住房质量有了明显提升，发展潜力不断,0
础性科技工作本报北京10月31日电（记者王浩）10月,1
处于比较有利的时期。今年，中国计划通过保持投,1
创汇达6000多万美元。科技成果推广转化取,0
创造的经济发展和社会长期保持稳定“2大奇迹”,1
词。《回归颂》歌词：7月的艳阳，照遍香港，回,1
此间经济分析家认为，去年下半年墨外贸出现逆差，主要,1
次全会是在新中国成立70周年之际、在“2个10,1
次全体会议现在开幕！今天上午召开第1次全体会议。,1
次相撞发生在北京时间7月17日凌晨3时半，撞击的彗核编号为第,1
从PMI指数变化看，当前产业结构持续优化已取,1
从工作人员那里得知：3天后的4月1日，《中华,1
从那时起，欧洲政局无1日安宁，危机重重。但是,0
从维护平等、和睦、文明的婚姻家庭关系，到实,0
从业人员200多万。近几年台湾厂商也在广东设立,1
从最初的17个增加到今天的100余个，创新队,1
达1700余万件，发明专利申请量连续8年居,0
达1点10000亿美元，比“75”时期（1,0
达2201．78亿美元，比上年增长百分之1,0
达35点2亿美元和28点9亿美元，均增长百分,0
达35点2亿美元和28点9亿美元，均增长百分,0
达百分之85点6，比1990年提高了11点1个百分,1
达到百分之6点7，比去年提高1点9个百分点。,1
达到百分之6点7，比去年提高1点9个百分点。,1
打开。”张子全说，“目前已有38家农户加入，,1
大的外汇资产之1。在今日早上於香港会议展览中心扩,1
大地上。1985年到1987年，我国粮食总产量出现,1
大关注，他们甚至预言1998年墨对外贸易逆差将死灰,1
大家在医院疗养期间，秦怡把国家荣誉称号证书,0
大利亚等国的大集团、金融机构纷纷表示出对3,0
大桥，总投资超过百亿元。到2000年前，江,0
大失误，只获第6名。今天共进行了男子自由体操,1
大蔬菜产区之1和国家商品粮基地，特色蔬菜、,0
大雪封山前最后1次巡逻高,0
大移民举世瞩目。截止目前，3峡工程进展顺利，,1
大意义。反间谍法实施5年来，反间谍工作在法治,1
带动乡村振兴本报太原10月31日电（记者周亚军）为争,1
贷款3900000美元用于库区上游的“大足,0
担的行政职能进行彻底清理，取消、转移和下放,0
但产业发展却实打实。近年来，我国在虚拟现实产,1
当代人民和子孙后代。近年来，淮河水污染严重，特,1
当今唯1超级大国美国近来则开始把德国视为“领,1
当时中国政治、经济、商贸、金融、交通、文化,0
当时中国政治、经济、商贸、金融、交通、文化,0
导、政府负责、民主协商、社会协同、公众参与,0
导、政府负责、民主协商、社会协同、公众参与,0
导的多党合作和政治协商制度，巩固和发展最广,0
导的多党合作和政治协商制度，巩固和发展最广,0
导地位。去年国有企业全年进出口1630点6亿,1
到197亿多美元，比上年增长百分之10以上。,1
到1997年底累计探明储量5100亿立方米,0
到百分之2点4，日本明年的经济增长率只有百分,1
到去年底，兵团注册外商投资企业70家，实际,0
到去年底，兵团注册外商投资企业70家，实际,0
到实处。黑龙江：建立清单台账，细化整改措施,0
到珠海落户。据统计，今年头11个月，珠海新批,1
到珠海落户。据统计，今年头11个月，珠海新批,1
到遵义的班车很多，从早上6点半到晚上8点半，每隔1,1
稻子或蔬菜上，看不见1点原色。1967年，父,0
得的历史性成就充分证明，中国特色社会主义制,0
得冠军，成绩是9·725分；迈利萨尼迪斯获得9,0
得可观的回报。土地基金在成立时的资产净值为,0
得突破。从1993至1997年10月，该市合同利用外资累,1
德新比中贸易公司，自1979年在京成立办事处、并从,1
的，只需开个介绍信说明身份，就能把别人多年,0
的、更好的科学世界。10月31日，第2届世界顶尖科学,1
的“老大难”问题，昆明及时增开昆明火车站南,0
的19届4中全会侧记10月31日下午，人民大会堂，中国共,1
的34.6亿元增加到2018年的108.3亿元，而,1
的7．22亿美元，使1997年全年的累积顺差额降到微不,1
的百分之43，上升到2000年的百分之48。上海市,1
的百分之50点4。外商投资企业进出口亦保持,0
的百分之50点4。外商投资企业进出口亦保持,0
的百分之52点2，比上年提高1点6个百分点。,1
的百分之93点1，比1993年提高了4点1个百分点,1
的比重由上年的百分之14点5下降到百分之13点,0
的茶叶泡出来却是汤色清澈、色泽浓郁，这就是,0
的发展作出了贡献。于1991年颁布实施的《中华人民,1
的法律依据。《信托声明书》规定中英土地委员,0
的风险隐患找出来、理清楚，形成清晰具体的监,0
的关注焦点。据介绍，近年来广东省对外经贸迅速发,1
的国际服务贸易公司。现在公司已派出雇员200,1
的机遇。苏梅克—列维9号彗星是美国天文学家在,0
的健康发展。实行保证金台帐制度后，海关对正,0
的交通枢纽。早在商至战国时期重庆就是巴国国都,1
的经济效益来讲，都是10分有利的。此外，这家公,0
的经济增长率为百分之3点9，明年为百分之3点,0
的具体时间新华社南京4月23日电（记者杨福田）中国,1
的老办法仍未突破。据新近对北京、上海、天津、,1
的民族高技术产业，是当前中国科技界和经济界面,1
的目标创造利好条件。目前，中国经济对外依存度,1
的碰撞，彗核编号为第17号。21颗彗核撞击时间,0
的全球创新指数显示，2019年中国国家创新能力排名,1
的人生品格。她曾经数10年如1日，悉心照料患有,1
的实力，除戈杰安夺得金牌外，米洛索维奇还以,0
的世界中感受到更多光明，需要整个社会认真思,0
的势头得不到抑制，墨今年有可能出现40亿至5,1
的文化和美食1直令人10分向往。”此次活动是中,0
的新闻通气会上获悉：2019年全国新农民新技术创业,1
的新增长点新华社汕头12月28日电（记者王炜中姚达添,1
的应用让人大开眼界。今年被视为5G商用元年，,1
的优势得到充分发挥。近17年间，深圳国内生产总值以,1
的尤·凯基以9·787分获吊环金牌。今天吊环,0
的预测下调了0点9和1点7个百分点。韩国、泰,0
的长江开发开放计划。如今，这项计划的100多,1
的中华民族实现“2个100年”奋斗目标进而实现伟,1
的中华民族实现“2个100年”奋斗目标进而实现伟,1
的中华民族实现“2个100年”奋斗目标进而实现伟,1
的重要纽带新华社合肥9月30日电（记者汪延、王雷）,1
的著名电影表演艺术家秦怡（见上图前，新华社,0
的尊重，显示出远离文明的虚伪本性。蓬佩奥抹,0
等法律法规相继出台。2014年，全国人大常委会通过,1
等领域的交流与合作。日前，当记者在这里专访欧,1
低了对多数地区和国家明年经济增长的预测。根据,1
迪）国家副主席王岐山31日在人民大会堂与南非副,1
敌人、维护国家安全。5年来，在党中央坚强领导,1
底的12.5件。在发明专利授权和拥有量中，,0
地方政府不断简化对外商投资审批程序，库区各,0
地方政府不断简化对外商投资审批程序，库区各,0
地区出口技术，其合同金额达80多亿美元，比,0
地区的近5000家外商驻京机构和3资企业。,0
地区的近5000家外商驻京机构和3资企业。,0
地区就将达到100亿元。天然气化工项目经批,0
地区梯次推进的格局，以往经济相对落后的内陆地,0
递的有效手段。研究表明，受教育程度越高，越,0
第11位。而且，出口商品结构继续优化，去年,0
第11位。而且，出口商品结构继续优化，去年,0
第1家民营科技公司。1984年，柳传志与计算所10,1
第4次全体会议公报（2019年10月31日中国共产党第19届中,1
第4次全体会议公报（2019年10月31日中国共产党第19届中,1
第6个年头，达百分之10点5，略低于1996年,0
点。相较于去年，参加今年世界VR产业大会的外,1
点1，明年降为百分之3点5，是5年来增长最缓,0
点34亿美元，分别比去年同期增加百分之26和百分,1
点6，超过去年百分之2点4，预计1998年将,0
点6，明年降为百分之6点2。其中工业国今明2,0
点7，日本仅为百分之0点8。预计，1998年,0
点7。她说，化工行业1998年总产值可达到3000,1
点8亿美元，实际到资19点1亿美元，相当于改革,0
点9。进口回升平缓。去年中国进口增长百分之2,1
点改革目标，市县已于今年3月份完成。“当然，后续,1
点亮智慧生活”。这是今年10月15日国际盲人节的主题，也,1
点项目建设进展较快。全年可完成化工固定资产投,1
电（范昊天、周燕琼）近日，湖北宜昌市得心实用,1
电出口比重提高。全市今年工业总产值预计达12,1
电国产化重点工程。自1991年投产以来，共完成技术,1
电全国政协副主席何维31日在北京会见白俄罗斯总,1
电天文观测；第1次出现在中国夜空视野的碰撞发,0
电外交部发言人华春莹30日宣布：应国务院总理李,1
电子工业产值480亿元，占全省电子工业总产,0
奠定了良好基础。上海金融、商业、贸易、航运,0
订为7点8港元兑1美元。,0
定“2大奇迹”充分证明了我们的制度优势。面,0
定成立，订明由联合声明於1985年5月27,0
定点在汕头市南澳县，目前已开始在汕头和南澳县,1
定器和蓄水池的作用。1997年亚洲金融危机和200,1
东》1书原为英文版，去年秋冬之交出版。作者从,1
东电子工业投资70亿元进行企业改造和发展，,0
东人才市场高潮迭起。每年都有几次历时半月以上,1
东新区区委书记翁祖亮近日在接受记者采访时说（,1
冻结资金逾546亿港元，创出香港股市新股认,0
都，秦至东汉设巴郡，隋唐置渝州，宋设重庆府（,1
都很少见了，雨天更是清洁如洗。2010年，,0
都是有着悠久历史的文明古国，长久以来，2国,0
都要依法坚决关停转。宋健在听取了江苏、安徽,0
度，定国安邦之根本。6年前，党的18届3中全会,1
度为近年的中等水平，当年引进各类人才10余万,1
对，在做完腰椎手术后不久就前往都江堰参加上海,1
对外经济技术合作事业今年继续保持旺盛的发展势,1
多的外国企业和公司。目前，新西兰的ＭＩＬ公司,1
多亿元，创汇5亿多美元。培育高新技术企业技,0
俄罗斯客人新华社北京10月31日电全国政协副主席何维,1
俄罗斯名将谢尔博进行金牌竞争。谢尔博最后获,0
额1亿6000多万美元。朱鉴凡介绍说，兵团,0
额达到220点2亿美元，比1993年增长了,0
额即达12点34亿美元，分别比去年同期增加,0
额力争达到160亿美元，化工产品产销率力争,0
额配股权，公司募集资金由原来的4亿余港元增,0
额首次突破200亿美元，达202点12亿美,0
额为2721点6亿美元，占中国外贸总值的百,0
额也达到197亿多美元，比上年增长百分之1,0
恶为世人所不齿。中国1直奉行独立自主的和平外,0
儿民歌，折射出福建宁夏2省区结对帮扶的扶贫,0
而当社会上1方有难，秦怡又1次次毫不犹豫地,0
发达国家的通货膨胀率1998年预计将维持在百分之2,1
发方面的情况介绍会，今年以来，3建委又2次组,1
发行Ｈ股和Ｎ股以来，去年又有山东晨鸣造纸集团,1
发生重大水污染事故。宋健重申，在淮河流域范,0
发展的1个缩影。短短几年时间，中国在虚拟现实,1
发展基金，目前从该基金中拿出100000美,0
发展速度快、效益好。1995年，全省电子工业产值达,1
法，到2012年底发明专利累计授权量突破1,0
法规定参加社会保险。2013年通过的《中共中央关于,1
法权益，相关法律草案明确规定最有利于被收养,0
繁景花园。施祥鹏说，1989年我在这里投资了100,1
反奸防谍的天罗地网。2015年11月和2018年4月，国,1
反间谍法的颁布实施，明确了全体公民、1切国,0
反映强烈的问题，建立清单台账，细化整改措施,0
范大学进行东北亚地区未来20年水陆空运输系统,1
方冷战对峙的前线。从那时起，欧洲政局无1日安,1
方面的要求日益增长。今天，人民群众对立法的期,1
方位保护。立法实践表明，高质量立法既是国家,0
方位展示了新中国成立70年来，尤其是党的18大,1
房地产市场渐趋回暖。今年深圳特区利用地处开放,1
房改工作座谈会透露，目前，全国公积金累计归集,1
放的“先行1步”，与当时“孔雀东南飞”（各地,0
分别比“75”增长了9点1倍和6点84倍，而,0
分点。分项指数显示，10月市场需求降至收缩区间,1
分点。其中亚洲地区今明2年的增长率预计分别,0
分类，节约资源渐成文明时尚；以法治破解高铁,0
分配货币化的新机制。过去的几10年里，虽然住房1直是中,1
分之10点5，略低于1996年的百分之10点8。发,1
分之13点5。今年前10个月厦门市国有企业出口1,1
分之17以上，其中外商投资实际到位30多亿,0
分之17以上，其中外商投资实际到位30多亿,0
分之24点9和百分之22点1。全国各地外贸出口,0
分之30点2。厦门港今年成为海峡2岸直航试点,1
分之30点2。厦门港今年成为海峡2岸直航试点,1
分之31点1和百分之12点5。去年中国初级产品,0
分之3点25。俄罗斯1997年估计增长百分之0点5,1
分之3点6。其中美国明年的经济增长率将从今年,1
分之6点3。今年深圳全年实际利用外资预计可达,1
分之90，出口交货值连续多年居中国第1。,1
分之9至百分之10。与此同时，风头正健的“3资”,0
峰，建设“国之重器”70年来，中科院坚持面向世,1
冯德拉切克率领的大型商业代表团参加进博会，,0
否有不足之处。”这是秦怡在2009年上影成,0
扶贫频道，到给农村电商经营者提供产品开发、,0
服务实体经济模式。自今年2月上线试运行以来，网上,1
幅度为百分之8点6，明年降为百分之6点2。其,1
覆盖面的重要举措。在今年1月1日人民日报实现全彩印刷,1
改革，建立了政府权责清单等制度，对事业单位,0
改革工作会议上指出，明年中国将针对当前经济生,1
改善区域内投资环境。目前连接3市的泉厦、厦漳,1
改问题已达51个。宁夏：将解决民生“关键小,0
干线。厦门市今年1至10月进出口总额64点1亿,1
港阔水深，不冻不淤。1996年完成港口货物吞吐量7,1
港元累积盈利。注：自1983年10月17日起，港元与美元的联系,1
港元增至5点32亿港元，深圳高速公路股份有,0
高标准、高质量。截至目前，人民日报在全国的印,1
高到百分之31点5。如今，上海已与205个国,1
高峰论坛举办本报烟台10月31日电（记者蒋建科）由烟,1
高速向木星运行，将于7月份与木星碰撞爆炸。这,1
高学历人才不断增多，2010年大专及以上受教育程度,1
告，再次调低了它对今明2年全球经济增长速度,0
革开放的中国加速度；20个月来，经济发展在下行压,1
革主要任务新华社厦门12月22日电（记者周宗敏）国务,1
格。她曾经数10年如1日，悉心照料患有重症的,1
隔杭州湾与上海相望，1984年被中国政府列为进1步,1
个，合同外资15亿美元。据悉，闽南3角区已,0
个基础形象“阿璞”和2022年北京冬奥会吉祥物“冰,1
个领域的关系。他说，70年代初中国恢复了在联合国的,1
个重大政治问题，既阐明了必须牢牢坚持的重大,0
工程中投标成功的德国宋氏国际贸易公司刚刚结,0
工合成蛋白质的国家。1973年，陈景润在王元和潘承,1
工和盐化工结合项目。目前，与之配套建设的2条,1
工贸易比重略有提高。去年，1般贸易进出口总值,1
工贸易持续稳定发展，去年进出口总值1698点,1
工期比安玻1期缩短了18个月，比世界建设最快的同,1
工业产品的制造水平比过去有了很大程度的提高，,1
工业产值达到515亿元，比1990年增长3,0
工业总产值1201亿元；第3产业产值达24,0
工业总产值2780亿元，增长速度为百分之8,0
工作。从1990年至今年7月底，兵团累计承担对周边,1
工作。双方牵头人将于本周5再次通话。,1
工作的基础上，完整证明了“1+2”，至今仍,0
工作的进度要加快，到1997年应取得突破性进展，使,1
工作的通知》等文件，最近又即将颁发《全民所有,1
攻坚、促进乡村振兴？近年来，贵州省黔南布依族,1
共出口231点8亿美元，增长百分之31。,0
共设招聘点100个；1993年初，珠海、佛山等6市还,1
共同体的作为与担当。最近，国际宇航大会将本年,1
供了休养生息的机会。这期间，渔民们改变了自古以,1
供了有力保障。实践证明，中国特色社会主义制,0
供了有力保障。实践证明，中国特色社会主义制,0
供了有力支持和帮助。今年“4·15”全民国家,1
构210多万个，各类金融机构近300个；已,0
构和3资企业。他说，目前总公司提供的雇员包括,1
股”的母公司深业集团1985年在香港成立，是深圳的,1
股Ｈ股紧接其后推出，日前也大功告成，集资额超,1
股享受收益分红。截至目前，97个贫困村已累计,1
固定资产投资318亿元，建成投产大中型化工,0
关键时期。站在“2个100年”奋斗目标的历史交汇,1
关于整改整治的要求，明确目标责任，建立清单,0
观测、预报资料和自己多年来对小行星和慧星观测,1
管治，维护香港、澳门长期繁荣稳定。建立健全特,1
光伏产业扶贫全覆盖，每年每户收入不低于300,1
广东分会与香港中华总商会联合主办的“96税,0
广东分会与香港中华总商会联合主办的“96税,0
规划，“95”期间（1996至2000年）利用这1,1
规模已增加到100亿元。有关部门还取消了1,0
国，长久以来，2国文明互鉴互通，有着友好的,0
国。秘鲁驻上海总领馆商务领事古容说：“进博,0
国……这些数据有力证明，中国以庞大的市场、,0
国5大经济特区之1。1993年以来，汕头市政府先后,1
国残疾人体育协会）于1983年10月成立。此后，各地纷纷,1
国的对外开放主要是以商品贸易、技术引进及合,0
国的对外开放主要是以商品贸易、技术引进及合,0
国的进出口总额累计达1点10000亿美元，比,0
国对外贸易增长百分之12点1，全年出口增长速度,0
国共批准外商投资项目22点980000个，实际,0
国国际进口博览会将于11月5日至10日在上海举行。,1
国国有企业改革的力度明显加大，企业间的收购,0
国际货币基金组织调低对全球经济增,0
国家。根据这份报告，1997年发达国家的经济增长率,1
国家1997年将维持1996年的百分之5点7的经济,1
国家安全的坚强意志。5年来，反间谍法宣传教育,1
国家创新能力排名连续4年保持上升态势，是唯1,1
国家的渔业机构建立了长期合作关系。去年，舟山,0
国家税务总局了解到，11月1日起，国家税务总局发布,1
国家体改委主任李铁映今天在此间召开的全国经济,1
国开始实施专利法，到2012年底发明专利累计授权量突,1
国科学院紫金山天文台今天在此间宣布已预测出中,1
国内生产总值150亿元以上。兵团从50年代,0
国评价极高。马友友：1960年，年仅5岁的马友友首,1
国企业服务总公司成立18周年暨欢迎李德汉先生第,0
国人科技兴国的期待。70年来，这支科技国家队筚,1
国实施的加工贸易保证金台帐制度成为港澳客商,0
国视野之内；第1次出现在中国视野的碰撞发生在,0
国书写更壮丽的篇章。70年前，伴随着新中国的成立,1
国特大城市之1，具有3000多年的悠久历史。是中国西,1
国外贸总值的百分之52点2，比上年提高1点6,0
国外贸总值的百分之83点7。去年中国除对亚洲,0
国务委员宋健纵论中国高技术研究,0
国务院领导指示，已于昨天发出紧急通知进行部署,1
国研发人员总量已连续6年稳居世界第1位，中国,1
国要借重德国的力量。今日统1的德国正在从经济,1
国政治、经济、商贸、金融、交通、文化及外交,0
国自主设计建设、达到当今世界先进技术水平的安,1
国最大的河流长江上，近年来几乎每年都有大桥建成,1
果瞬间学到手。”忆起当年，胡国华满是感慨，他,1
过去就守着自己的1亩3分地过活，看天吃饭，年,0
还要再投入100多亿元。这比过去40年投入,0
还制定了本地区鼓励外商投资的优惠政策，1批,0
还制定了本地区鼓励外商投资的优惠政策，1批,0
海岛旅游业发展迅猛，全年来琼旅游的游客达到7,1
海地区亦有强劲增长。全年出口值前10位的省市,1
海决心抓住本世纪最后3年的发展时机，到200,0
海南特区经济今年预计全年经济增长速度达到百分,1
海市计委主任韩正说，今后3年上海社会总需求的适度,1
海水产品总产量中约占10分之1。位于中国东海海,0
海洋只取不予的做法，每年都要将人工繁殖的数亿,1
行2国外交部间政治磋商的。他们还将赴杭州访,0
行2国外交部间政治磋商的。他们还将赴杭州访,0
行俄罗斯图们江地区招商会。此外，工发组织还,0
行俄罗斯图们江地区招商会。此外，工发组织还,0
行了基础设施建设和招商引资活动，并初步启动,0
行了基础设施建设和招商引资活动，并初步启动,0
行外资股，共吸纳外资2点65亿美元。到去年底,0
行微调。此外，东南亚金融危机的影响不可低估,0
行性研究。1995和1996年，在开发计划署和工发,1
毫不犹豫地伸出援手。2008年汶川大地震后，秦怡拿,1
好地融入了社会生活。今天，在朝气蓬勃的大学校,1
合经济效益10点6亿元、出口创汇48560,0
合力去实践1国2制。今日参与演出的歌手有叶倩,1
合声明的规定成立，订明由联合声明於1985,0
合同金额2点65亿美元。,0
合同金额达80多亿美元，比“75”增长2点,0
合同利用外资累计达48点8亿美元，实际到资1,0
合作前景广阔、前途光明，希望双方进1步拓展,0
合作沿着第2个“金色10年”轨道不断前进。马布,1
何广怀）2家深圳企业近日先后在香港招股，市场,1
和0点8个百分点。基金组织还调低了对多数地,0
和阿根廷在1994－1995年金融危机后那样出现高速,1
和百分之17点95。近年来，江苏省在对外开放中,1
和国家监督体系是党在长期执政条件下实现自我净,1
和加强在高层交往、磋商对话、专业合作、联演,0
和难以预见的风险因素明显增多。在众多风险因,0
和全球影响不断上升。去年以来，习近平主席同拉,1
和全省各市迅速推开，现在全省已有15个经济较,1
和社会事业迅速发展。1995年国内生产总值达到74,1
和深远历史意义。黄坤明强调，宣传思想战线要,0
和特点，其中很重要的1点就是制度建设分量更重,0
和直辖市化工总产值比去年有所增长。化学工业部,1
和治理能力现代化。“明者因时而变，知者随事,0
和治理能力现代化水平明显提高，为政治稳定、,0
和治理能力现代化水平明显提高，为政治稳定、,0
河水污染严重，特别是今年7月中旬以来，淮河中、下游又,1
很多，从早上6点半到晚上8点半，每隔10分钟就有1,1
后3年的发展时机，到2000年实现人均国内生产总值,1
后监管制度，努力把营商环境打造得更优更高效,0
候补委员马正武、马伟明同志为中央委员会委员,0
候补委员马正武、马伟明同志为中央委员会委员,0
花舞台效果。司仪为汪明荃和李銮辉。,0
划就是1个例子。它在1985年被提出，经过美、英、,1
华投资。刘天健表示，今后为外商机构和中方雇员,1
话平均每10人1部。目前，汕头市累计批准利用,1
话平均每10人1部；今年8月国际海底光缆汕头登陆,1
欢迎。他说，中乌建交6年多来，2国友好合作关系,1
环渤海这片土地上演。2013年，国家重大科技支撑计,1
焕庆）中国最大的农工商联合体—－新疆生产建,0
焕庆）中国最大的农工商联合体—－新疆生产建,0
黄坤明在学习宣传贯彻党的1,0
汇48560000美元，相当于收回了1期工,0
会保障体系框架。截至2018年底，我国基本养老、失业,1
会常任理事国的席位。现在，战后1个历史时期即,1
会的1大亮点。相较于去年，参加今年世界VR产,1
会第4次全体会议，于2019年10月28日至31日在北京举行。,1
会第4次全体会议，于2019年10月28日至31日在北京举行。,1
会将于11月19日至22日在江苏南京举行，由农,1
会精神热潮新华社北京10月31日电10月31日晚，中,1
会神观看电视直播。这1天是9月29日，北京人,1
会在京举办，会议总结近年来农业基础性长期性科,1
彗星是美国天文学家在1993年3月发现的，现已分裂成2,1
惠政策，创造良好的外商投资环境，开创兵团利,0
惠政策，创造良好的外商投资环境，开创兵团利,0
活不能自理的老人购买每月最高30个小时的助洁,1
活费收入达到4053元，农民人均纯收入达到,0
活富裕、生态良好的文明发展道路，建设美丽中,0
活富裕、生态良好的文明发展道路，建设美丽中,0
伙伴的贸易总额为2721点6亿美元，占中国外贸,0
或超过历史最好水平。全年来琼旅游的游客达到7,1
获得者大隅良典，花了30年才让自噬这个现象成为,1
获得正式确认。土地基金现将由特区政府自行管,0
击波”，预示着这项文明、进步的事业前景是美,0
机电产品占出口总值由5年前的百分之17点9提高,1
机和巨型电子计算机。宋健说：“如今，中国已,0
机器人给我做晨检”自今年9月起，位于湖南省长沙市,1
机遇、创新成果。在这1点上，中国不仅有真诚的,0
积达4000多公顷。去年，全市海水养殖产量接,1
基础产业“瓶颈”均已明显缓解，宏观经济环境,0
基础设施项目已成了外商投资热点。与此同时，,0
基础设施项目已成了外商投资热点。与此同时，,0
基地，2市生产的电脑元器件大量销往世界各地,0
基金将独立於与外汇基金之外，由香港金融管理,0
跻身全国经济百强县。近年来，泉州充分发挥侨港台,1
及1个标准的问题。”近年来，安徽持续推进放管,1
及在外劳务人数分别比去年同期增长百分之30以上。,1
级2类贫困村，发展成现在远近闻名的小康村，土,1
级市，由4川省管辖。1954年至1958年，国家对,1
疾人参加体育锻炼。自1984年起，中国残疾人体育协,1
集团董事长杨孙西说，10年前我到过宁波，10年后,1
集装箱等80种“龙头商品”发展迅速，已占全,0
集装箱等80种“龙头商品”发展迅速，已占全,0
集资等多种渠道筹措资金，向能源、交通、通讯,0
几10年里，虽然住房1直是中国农村居民的头等,0
计达1255亿元，比去年增长百分之17点5。,1
计归集额超过800亿元，巨额公积金在支持个,0
计划提供的资金将保持今年的水平。在谈到来年欧,1
计局公布的数字显示，1992年至1996年上海国内,1
计为百分之2点6，超过去年百分之2点4，预计,1
计增长百分之0点5，1998年预计增长百分之1点5,1
计增长百分之3，低于去年的百分之4点4，19,1
计增长百分之4。拉美1997年估计增长百分之5点2,1
记使命”主题教育成效明显，深化党和国家机构,0
记使命”主题教育成效明显，深化党和国家机构,1
记者夏治沔俄罗斯军队31日举行了告别德国的最后,1
纪的高科技研究计划。宋健最后说，“能否把我,0
技术出口成交额可完成6点5亿美元，是1993,0
技术研究计划，启动于1986年。西方发达国家1直禁,1
技术职称的占百分之45点8，大学本科以上学历,0
际利用外资51亿多美元，有4756家3资企,0
际利用外资51亿多美元。今年前3个季度，全,0
际资本市场直接融资。全年实际利用外资预计可达,1
济合作前景新华社深圳3月8日电（记者何广怀）2家,1
济贸易委员会副主任张明全说，1997年山东,0
济贸易委员会了解到，近5年来，上海市通过外贸体制,1
济贸易委员会主任朱晓明介绍，上海根据国家政,0
济特区全年共出口231点8亿美元，增长百分之,0
济相对落后的内陆地区如今也掀起了开放的热潮。,0
济协作发展机制，3市目前正在努力改善区域内投,1
济增长率估计为百分之2点6，超过去年百分之2,0
济增长率估计为百分之3点7，日本仅为百分之0,0
济增长率新华社联合国12月16日电（记者丁宝忠）联合,1
济增长势头新华社北京12月26日电今年以来，深圳、珠,1
济增长速度达到百分之6点7，比去年提高1点9,0
济增长速度达到百分之6点7，比去年提高1点9,0
济政策基调不会改变。当前经济的关键不是争取更,1
继日辛苦工作。”进入21世纪，同样的奋战再度在环,1
加成熟更加定型上取得明显成效；到2035年,0
加成熟更加定型上取得明显成效；到2035年,0
加成熟更加定型上取得明显成效；到2035年,0
加成熟更加定型上取得明显成效；到2035年,0
加成熟更加定型上取得明显成效；到2035年,0
加宽裕。据了解，中国目前大约有6600000,1
加上某个产业。内乡是秦巴山区连片特困地区特,0
加速聚集、特色更加鲜明。建立国际化科技成果,0
家”名单中排除。这表明欧盟认识到中国经济正,0
家的增长幅度为百分之9点6和百分之7点7。报,0
家发出邀约。论坛上，2011年沃尔夫农业奖得主哈里,1
家馆。法国总统马克龙日前表示，他热切期待即将,1
家级开发区，1直是外商投资的热点，今年吸引,0
家级开发区，1直是外商投资的热点，今年吸引,0
家减贫。所有这些都证明，进博会将促进全球经,0
家需求，突破核心技术70年来，中科院坚持面向国,1
家学者也列席了会议。9时整，习近平总书记和中,1
假营销等不良行为，用长期稳定、质量过关的产品,1
间产品进口增长百分之18点8。其次，比索定值过,0
件税款等值的风险保证金，只是在银行设立台帐,0
建大桥是件国家大事，现今几乎成为平常事。19,1
建的同类项目总投资的2分之1。,0
建立了长期合作关系。去年，舟山市共有260艘,1
建桥速度也大大加快。过去，在长江上建大桥是件,1
建设。覃立模介绍说，近年省政府先后下发了《鼓,1
建设方面发挥了越来越明显的作用。同时，全国,0
键核心技术自主研发。上世纪60年代，为服务“2弹1星”,1
江3角洲北翼，4季分明，光照充足，雨热同期,0
江的历史。时光荏苒，如今在澜沧江景洪段已建有,1
将按原计划继续推进磋商等各项工作。双方牵头,0
将降为百分之2点5。1997年发达国家经济形势的特,1
将在南京举行本报北京10月31日电（记者郁静娴）记者,1
降为百分之三点五，是５年来增长最缓慢的一年。,1
交额可完成6点5亿美元，是1993年的3点,0
交流的桥梁新华社北京11月4日电（记者容安才）比利,1
接受记者采访时透露，最近1年来，德国、法国、英国、,1
杰严文斌）法国巴黎工商会派出的大型商业代表,0
杰严文斌）法国巴黎工商会派出的大型商业代表,0
结构，提高效益，以使1993年下半年以来实行的宏观调控取,1
届3中全会以来，已经20个月了。中央政治局全面贯,1
界体操锦标赛高低杠的金牌。这是锦标赛开赛4,0
今年的增长率为百分之4点1，明年降为百分之3,0
今年将突破3000美元。而在1992年，这,0
今天为止，已决出7枚金牌。明天将进行最后5,0
今已有800多年）。1891年重庆辟为通商口岸，1,1
金的公职人员。土地基金将独立於与外汇基金之,0
金台帐制度成为港澳客商的关注焦点。据介绍，,0
金台帐制度成为港澳客商的关注焦点。据介绍，,0
紧急通知进行部署。在今天的会议上，宋健传达了,1
进1步发展，农民收入明显提高，农村吸引力大,0
进步和发展、确保拥有5000多年文明史的中华民族实现,1
进步和发展、确保拥有5000多年文明史的中华民族实现,1
进步和发展、确保拥有5000多年文明史的中华民族实现,1
进出口总额2点2亿美元。兵团负责人王传友在,0
进行企业改造和发展，目前已有20个重点项目竣,1
进行限期治理，最迟于1997年底停止向河流排污。宋健,1
进口料件实行银行保证金台帐制度和取消进口设,0
进口增长迅猛，分别比1996年增长百分之39点9和,1
进口总值21点8亿美元，同比增百分之30点,0
进口总值21点8亿美元，同比增百分之30点,0
进了开放格局的变化。目前，汕头市累计批准利用,1
进新时代的磅礴力量；20个月来，对党和国家机构改,1
近30000000美元，合同外资1000多,0
近百分之50外销，外商投资的实际到资率居全,0
近百分之50外销，外商投资的实际到资率居全,0
近提出，要用3年左右的时间，通过改革、改组,1
劲增长势头新华社北京12月22日电在即将过去的199,1
京的经济学家最近在对今年经济分析预测时说，加,1
经表明它能征服贫困和几代人以来经受的苦难。我们,1
经济发展的龙头地区。目前，该市已进入全国大中,1
经济开发区成为吸引外商投资的热点。去年，山,0
经济开发区成为吸引外商投资的热点。去年，山,0
经济效益和社会效益。1980年，中科院物理所的陈春,1
经济增长的重要力量。去年，中国对外贸易增长百,1
经济增长率只有百分之1点1。预计今年发展中国,0
景的重大产业化项目。目前，高新技术已经成为汕,1
景和重大意义。在作说明时，习近平总书记还就,0
景时，魏根深大使说，1998年欧洲将有许多高级官员,1
境的进1步改善，使外商对江苏的投资信心不断,0
境的进1步改善，使外商对江苏的投资信心不断,0
究中心主任王战认为，今后3年世界经济发展的趋势和,1
就业和生活提供保障。2018年，我国农民工总量达到,1
居民数量1直在上升，1990年约6.9亿，2000,1
居全国首位新华社广州3月4日电（记者顾万明）广东,1
居者有其屋”和住房的商品化，但考虑到政府财,0
居者有其屋”和住房的商品化，但考虑到政府财,0
举报电话，并公开承诺11月底前取得阶段性成果。伊,1
举措取得了显著成效。目前，美国西格朗姆公司已,1
举行，向港澳及内地客商介绍今年国家将实行的,0
举行，向港澳及内地客商介绍今年国家将实行的,0
具有巨大的发展潜力。近几年来，拉美经济稳定增长，,1
据官方权威人士透露，今年中国政府确定的经济增,1
聚集这里，张网作业。70年代后期，由于长时间过度捕捞,1
捐款1000000美元设立了图们江发展基金,0
决赛。罗马尼亚获2枚金牌，中国、意大利和白,0
均产值会有增长，超过1997年的120个和1993,1
均纯收入达到1554元；工农业总产值144,0
均增长速度为百分之36点9，电子工业产值居中,0
开通至厦门港的班轮。目前厦门港已拥有至日本、,1
开通至厦门港的班轮。目前厦门港已拥有至日本、,1
开展补偿贸易和吸收外商投资单位之1。到去年,0
开展补偿贸易和吸收外商投资单位之1。到去年,0
慨，他说自己经历过发明创造“不值钱”的时期,0
勘探重点地区，计划到本世纪末实现油气年产量300,1
看不见，也有的人看不清或看不全。如何给予视,0
看电视直播。这1天是9月29日，北京人民大会堂正在,1
科恩伯格看来，“对于未来的难题，基础科学研究,1
科技成果推广转化取得明显的成效。3年来，汕,0
科委主任张英强介绍，目前，汕头市已经初步形成,1
壳工业基地新华社郑州4月18日电（记者郭献文王耕由,1
壳有限公司2期工程，今天建成投产。国务院副总,1
可达1130亿元，比去年增长百分之16；地方,1
可达1130亿元，比去年增长百分之16；地方,1
可达340亿美元，比去年增长百分之10点7。,1
可向其他省市输送部分商品气，并逐步与中国其,0
可向其他省市输送部分商品气，并逐步与中国其,0
克雷吉奥电视台播放，每周播放1集，共6集。该,1
控下中央和地方责权分明、适应社会主义市场经,0
口的5分之1。据悉，近5年来，上海通过积极从外省,1
口分别达35点2亿美元和28点9亿美元，均,0
口分别达35点2亿美元和28点9亿美元，均,0
口可望实现150亿美元，同比增长百分之21,0
口可以超过145亿美元，其中工业制成品占出,0
口商品结构继续优化，去年工业制成品出口额占全,1
口增幅分别达百分之31点1和百分之12点5。,0
口增长速度高达百分之20点9。进口回升平缓。去,0
口占比达到8.9%，2018年达到13%。1大批人,1
口总额可达340亿美元，比去年增长百分之1,0
口总值30点32亿美元，比去年同期增长百分,0
口总值30点32亿美元，比去年同期增长百分,0
口总值为1170亿美元，增长百分之14点5,0
口总值逾3250亿美元全年对外贸易呈现如下特点,1
跨国经营，大力开拓多元化市场。据最新统计，,0
快的国家。每万人口发明专利拥有量由2007,0
快时期。上海今年预计全年出口可以超过145亿,0
眶。“人在，戏在！”2014年，9旬高龄的秦怡登上,1
困缺乏信心，生活态度10分消极。1些研究表明，,0
来4屏可能重回单屏，那时的单屏将是大数据分析,1
来重视个人品德修养，1直强调“修、齐、治、平,0
来总和的百分之90。1997年实际利用外资增幅再次,1
览会将于11月5日至10日在上海举行。本届进博,1
廊带建设。拆除违建、清理露天垃圾点、河道清,0
乐思哲说。墨西哥工业商会联合会经济研究委员,0
了1000多万美元，现在资产已发展到7亿元人,1
了积极而关键的作用。近几年是珲春综合实力增强最,1
了基础。依托政府权责清单制度，安徽省在改革,0
了解到，中国化工行业6月份实现扭亏为盈，全年,1
了稳定健康发展，预计全年经济增长速度达到百分,1
累计实现综合经济效益10点6亿元、出口创汇48,0
里的路铺成了水泥路。2004年，新舟到茅坡1段40,1
里长城，为实现“2个100年”奋斗目标、实现中华,1
理的老人购买每月最高30个小时的助洁、助浴、助餐、,1
理效能，为实现“2个100年”奋斗目标、实现中华,1
理效能，为实现“2个100年”奋斗目标、实现中华,1
力的集中体现。新中国70年取得的历史性成就充分,1
力发展服务业，优化营商环境，鼓励创业创新，,0
力开拓多元化市场。据最新统计，上海已在境外设,0
力量也在增强。合肥、唐山、广州3届全国残疾,0
力现代化，实现“2个100年”奋斗目标、实现中华,1
力现代化，实现“2个100年”奋斗目标、实现中华,1
力现代化，实现“2个100年”奋斗目标、实现中华,1
力现代化，实现“2个100年”奋斗目标、实现中华,1
力现代化，实现“2个100年”奋斗目标、实现中华,1
力争使淮河水质初步变清，造福当代人民和子孙,0
历史纪录。然而，回顾这1年墨西哥的对外贸易形势,1
立，订明由联合声明於1985年5月27日生效当天起至1997,1
立。据统计，人民法院2018年共新收各类知识产权案,1
立了图们江发展基金，目前从该基金中拿出100,1
励外商投资3峡库区。去年12月，国务院3建委在北京,1
利，由单位无偿分配，每月只需交纳极低的租金。,1
利费用58.6亿元。目前，我国已经启动面向2,1
利及综合开发工作。从1990年至今年7月底，兵团累,1
利用外资7点16亿美元；全市出口总值30点,0
利用外资7点16亿美元；全市出口总值30点,0
利用外资8点89亿美元，比去年同期增长百分,0
利用外资8点89亿美元，比去年同期增长百分,0
连的官兵对防区内的34号界碑进行今年的最后1,0
连续3年丰收之后，若今年措施得力，仍有望获得,1
联合国预测明年世界经济增长率新华社,1
联系汇率订为7点8港元兑1美元。,0
良好基础。上海金融、商业、贸易、航运等行业,1
良好基础。上海金融、商业、贸易、航运等行业,0
量和档次进1步提高。去年，山东省新批利用外资,1
料：重庆市新华社北京3月6日电国务院今天正式向8,1
料加工、进料加工和外商投资企业从事的加工贸,0
料加工、进料加工和外商投资企业从事的加工贸,0
料加工的百分之百和外商投资企业的百分之80,0
料加工的百分之百和外商投资企业的百分之80,0
列措施加速科技进步。目前，科技进步对该市经济,1
列第7。本届锦标赛到今天为止，已决出7枚金牌,1
烈，共筹集近10亿港元巨资。此间证券分析员,0
领风骚新华社布里斯班4月23日电（记者王发恩）中国,1
领军的状态行将结束。1939年9月1日，希特勒军队进攻波兰,1
领域取得阶段性成果。宋健还列举了中国在农业,0
刘天健表示，今后为外商机构和中方雇员提供最,1
刘天健表示，今后为外商机构和中方雇员提供最,0
刘天健介绍说，成立于1979年的这家公司，目前已由,1
流程，建立完善以负面清单管理为重点的外商投,0
流长江上，近年来几乎每年都有大桥建成通车。这,1
龙头计划”，优化出口商品结构。并充分发挥浦,0
龙头计划”，优化出口商品结构。并充分发挥浦,0
龙头企业牧原集团上。2016年夏末，“内乡5+”养殖,1
路－－梅观高速公路，目前经营在建的4条高速公,1
路上跑的车辆数也数不清。新舟到遵义的班车很,0
沦为2等大国的地位。当今唯1超级大国美国近来,1
论稿）》向全会作了说明。全会充分肯定党的1,0
论稿）》向全会作了说明。全会充分肯定党的1,0
论坛上，每位科学家用3分钟预测未来；“国际大科,1
论文写在祖国大地上。1985年到1987年，我国粮,1
罗莉在预赛中以9·900分名列榜首，今天她第5,0
罗斯的乔基娜以9·800分获得银牌。本届比赛女,0
洛索维奇还以9·787分摘取铜牌。俄罗斯的乔,0
落户。据统计，今年头11个月，珠海新批利用外资合,1
落户。据统计，今年头11个月，珠海新批利用外资合,1
旅游收入55亿元，比去年增长百分之10点29,1
旅游收入55亿元，比去年增长百分之10点29,1
率达到43.4%，比2012年末提高约8.0个百分点,1
率连续保持2位数的第6个年头，达百分之10点5,0
绿色发展试点先行区。近年来，徐州市实施“徐州,1
卖给我们2台处理器。如今，我们自己开发的‘曙,1
慢。基金组织还对世界商品和劳务贸易趋势作了,0
慢。基金组织还对世界商品和劳务贸易趋势作了,0
毛的最大买主。他希望今后2国的经贸科技合作与,1
贸”战略，进出口总值每年以百分之14左右的速,0
贸合作新华社乌鲁木齐11月3日电（记者唐施红邬焕庆,1
贸进出口额近15亿美元，现已批准利用外资项,0
贸进出口总额77亿美元，增长百分之16。今,0
贸进出口总额77亿美元，增长百分之16点0,0
贸易、双向投资合作、商旅文化交流等领域合作,0
贸易顺差额急剧回落，今年可能出现较大的逆差。,1
贸易增长幅度为百分之8点6，明年降为百分之6,0
贸易增长幅度为百分之9点3和百分之6点1，发,0
贸易中发挥更大作用。去年，中国与世界各主要国,1
贸总收入累计达33亿元，工业总产值为24亿,0
媒机构已离开中心或在7月9日前已做好船运安排，故,1
每万人口发明专利拥有量增至12.,0
每月只需交纳极低的租金。1994年，《国务,0
美国灌录，镭射唱片在1997年7月5日推出。《回归颂》特别,1
美元，比“75”增长2点7倍。此外，对外承包,0
美元，是1993年的3点53倍，技术贸易和服,0
美元，同比增百分之30点2。厦门港今年成为海,0
美元，同比增百分之30点2。厦门港今年成为海,0
美元，同比增长百分之20点5，出口额在全国列第,0
美元，同比增长百分之23点6。海南特区经济今年,0
美元；全市出口总值30点32亿美元，比去年同,0
美元；全市出口总值30点32亿美元，比去年同,0
门的研究方向。他说，现在有1种现象，年轻1代,1
盟发生了分裂，德国也1分为2。在西边，美国组,0
米，每年10月下旬至来年4月初为大雪封山期。前不久,1
米，总投资38点2亿元，其中自筹资本金10,0
米；共获气田86个。近年来，中国10分重视天然,1
免税优惠。其中，将于今年7月在全国实施的加工贸易,1
面积24平方公里。自1954年勘探开发以来，已累计,1
面快速发展新华社南京12月28日电（记者杨福田）今年,1
面没有变，发展前景仍10分光明。这样的信心从何,0
面前的1项重大任务”当今世界正经历百年未有之,1
面清单管理为重点的外商投资管理制度、以贸易,0
面有了改观。在吸收外商投资方面，中国现已成,0
面有了改观。在吸收外商投资方面，中国现已成,0
面制度创新。中国政府最近提出，要用3年左右的,0
民党政府“陪都”，是当时中国政治、经济、商贸,1
民工的住房问题。3是商品房市场的发展，使部,0
名次。罗马尼亚的2枚金牌由18岁马·乌兹卡,0
名的市均在3角洲内，1995年这7个市的电子工业产,1
明年的经济增长率将从今年的百分之3点8下降到,1
明书》（简称《信托声明书》），作为土地基金,0
明书》），作为土地基金的管理及移交特区政府,0
命科学开辟了新纪元。2019年诺贝尔物理学奖得主米,1
模式，被誉为“开启了未来中微子物理发展的大门,1
木槌及木棒敲击发声。今天演出用的编钟是湖北出,1
木星碰撞时的速度高达每秒60公里。其中较大的,1
目标是，到我们党成立100年时，在各方面制度更加,1
目标是，到我们党成立100年时，在各方面制度更加,1
目标是，到我们党成立100年时，在各方面制度更加,1
目标是，到我们党成立100年时，在各方面制度更加,1
目标是，到我们党成立100年时，在各方面制度更加,1
目的多项奇迹。1是从1994年11月18日破土动工到锥炉点火成,1
哪些需要改？建立权责清单，明晰行政职能和改,0
南北经济联系的纽带。目前长江沿岸已动工建设或,1
南京紫金山天文台预测出中国观,0
内，东亚和东南亚地区1997年将增长百分之6点5，,1
内，外汇基金和土地基金的资产总值约达717,0
内生产总值5000美元。经过近几年来的快速,0
内生产总值5000美元的目标，今后3年上海,0
内生产总值5000美元是有基础的，有可能的,0
内生产总值5000美元新华社上海12月9日,0
内所占比重稳步提高，2019年上半年分别达到80.7%和,1
内在原因之1。因此，去年的贸易形势已引起经济,1
能，才能为实现“2个100年”奋斗目标、实现中华,1
能互补的条件。目前港商在深圳实际投入累计已,0
能互补的条件。目前港商在深圳实际投入累计已,0
能化进程加快本报北京10月31日电（记者谷业凯）20,1
能力建设的目标是：到2035年，‘各方面制度更加完,1
能力现代化，既是1项长期战略任务，又是1个重,1
能配上3屏电脑啊？”2013年我参加工作时，中心已,1
尼斯将访华新华社北京10月30日电外交部发言人华春莹,1
尼斯将于11月3日至9日来华出席第2届中国国,1
逆差。据墨西哥财政部日前发表的公报，墨对外贸,1
年），中国的对外开放以前所未有的速度向前推进,0
年，初级产品进口286点2亿美元，增长百分之,0
年，中国建设银行和工商银行的个人住房抵押贷,0
年，中国建设银行和工商银行的个人住房抵押贷,0
年10月17日起，港元与美元的联系汇率订为,0
年百分之2点4，预计1998年将降为百分之2点5。,1
年保持顺差。但是，在过去3年中，墨西哥贸易顺差额,1
年的“863计划”自1986年实施以来，在1大批重,1
年底停止向河流排污。宋健要求完善淮河流域的,0
年份，增长率达百分之1点7，1998年预计增,0
年广东经济发展速度为近年的中等水平，当年引进,1
年将增长百分之3，与1996年的增长率持平。报告说,1
年来的变迁。据统计，今年上半年，中乌贸易额为39亿,1
年美国经济增长百分之2点5，日本经济增长百分,0
年世界经济增长百分之3点2，预计1998年将,0
年世界贸易增长百分之9点4，扭转1996年百,0
年同期分别增长百分之21点93和百分之17点9,0
年为64．24亿，而去年只有5．82亿。特别,0
年以2位数快速增长。今年到11月底，全省实现,1
年预计完成进出口总额2点2亿美元。兵团负责人,0
年中国进口增长百分之2点5，为90年代以来增,0
年重庆辟为通商口岸，1929年重庆正式设市。抗日战,1
凝聚光明，点亮智慧生活（评论,0
扭转1996年百分之5点3的低增长状态，19,0
农业总产值1440亿元，其中工业总产值12,0
农用飞机29架，预计今年可完成国内生产总值1,1
欧美国家和其他地区。目前，1个以市属独立研究,1
欧盟国家和中国有了比以往更频繁的高层互访；在,1
欧盟国家领导人期待着明年4月在伦敦举行的第2次欧,1
牌，避免单打独斗？”2009年，毛尖镇村民张子全成,1
攀登10月31日，在安徽省6安市舒城,1
佩。让个人品德积累于1点1滴中，绵绵用力、久,0
配发全军部队本报北京10月31日电（李龙伊、李清华）,1
配套设施已相继建成。目前，进区高科技项目16,1
批城市公用基础设施招商项目，标志着山东基础,0
批城市公用基础设施招商项目，标志着山东基础,0
批项目库，加强对外招商引资的力度，制定优惠,0
批项目库，加强对外招商引资的力度，制定优惠,0
品出口239点3亿美元，增长百分之9点1，,0
品进口286点2亿美元，增长百分之12点5,0
品进口增长迅速，出口商品结构进1步优化。去,0
品进口增长迅速，出口商品结构进1步优化。去,0
平说，宁波的港口条件10分优越，其地利位置与香,0
平显著提高新华社济南1月18日电（记者董学清）山东,1
屏幕同时监控，1眼扫过去就可以掌握所有信息，,0
破200亿美元，达202点12亿美元，其中出口,0
破3000美元。而在1992年，这项数字仅为150,1
铺上了油光光的沥青。2018年，新舟到茅坡的路也修,1
期存在的“老大难”。2018年11月，宜昌市启动宜昌网上,1
期的10.6%提升至2018年末的59.6%。党的1,1
期重庆就是巴国国都，秦至东汉设巴郡，隋唐置,1
齐11月3日电（记者唐施红邬焕庆）中国最大,0
其间将举办以“引导工商资本下乡，促进乡村产,0
其实行计划单列体制。60年代中期，重庆是中国3线建设,1
其中自筹资本金10亿元，建设期为3至4年。,0
其中最突出的是欧盟。1997年是欧盟失业率连续保持,1
企业14500多家。近1段时期，中国国有企业改革的,1
企业摆脱困境，力争到本世纪末使大多数国有大中型骨,1
企业改建为投资主体多元、股权结构合理的有限,0
企业搞养殖。牧原集团每年给每1贫困户至少分红,1
企业全年进出口1630点6亿美元，增长百分之,0
启富作为返乡农民工，2007年回到村里成立了龙里县,1
起。每年都有几次历时半月以上、招聘单位上千家及应,1
气最富集的4川盆地，近40多年来，已累计生产1633,1
千余名科研人员发展到今天的近70000人。7,1
前，我国已经启动面向2035年的知识产权强国战略纲,1
前不久，耗资约40亿元的芜湖公路、铁路2用,0
前进展顺利。深圳特区今年推进国有企业改革成效,1
前推进。”朱棣文说。2006年诺贝尔化学奖得主罗杰,1
钱购买住房或用成本租金租赁住房将形成新机制,0
强劲增长的势头，为向新世纪迈进继续构筑雄厚的实,1
桥热形成的直接动因。1957年建成的武汉长江大桥是,1
桥正式动工兴建，它在2000年前投入使用后，将成为皖,1
琴墨西哥对外贸易总额1997年突破2200亿美元，,1
清理露天垃圾点、河道清淤；改建“4好”农村,0
庆就是巴国国都，秦至东汉设巴郡，隋唐置渝州，,1
秋冬之交出版。作者从当年9月以色列同巴勒斯坦解放,1
区内的34号界碑进行今年的最后1次巡逻，官兵,1
区设立扶贫专卖店、电商扶贫馆和扶贫频道，到,0
区土地基金」（土地基金）。同时，并公布《香,0
区位优势日益明显。到今年年底，全市港口码头500,1
区位优势日益明显。到今年年底，全市港口码头年综合,1
区政府土地基金信托声明书》（简称《信托声明,0
屈服于任何外来压力，现在仍然始终不渝地维护自,1
曲和《回归颂》的歌曲今日（星期2）在香港会议展览中心,1
取得新的突破。他说，明年经济体制改革的主要任,1
取得新的重大进展。”20个月来，隆重庆祝中华人民,1
去年的百分之3点7，1998年预计增长百分之3点5,1
去年的百分之4点4，1998年预计增长百分之4。拉,1
去年的百分之7点4，1998年预计增长百分之6点2,1
去年的百分之9点7，1998年预计增长百分之10。,1
去年进出口总值1698点1亿美元，增长百分之,0
去年同期增长百分之84点3，进口总值21点8,0
去年同期增长百分之84点3，进口总值21点8,0
权法院相继挂牌成立。2019年1月1日，最高人民法院知识产,1
全部列入各级政府权责清单对外公布，为改革试,0
全工作更有保障。没过几年，中心又陆续配备了新,1
全国重要的工业基地。1983年2月，中共中央、国务院决,1
全民道德素质和社会文明程度达到新高度。“道,0
然气总公司的1位官员日前在接受本社记者采访时,1
染防治工作新华社北京8月31日电（记者张建军）国务,1
让服务事项1目了然，目前全区104个村（社区,1
扰素已经上市，为中国1点2亿乙肝病毒携带者带,0
热爱。对待表演艺术，秦怡永远充满激情。她说,0
人、聋人体育协会也于1985年成立。有了组织、领导,1
人。原曲长50分钟，今天演出的是长约20分钟,1
人才。联合国工发组织近期对图们江地区工业项目,1
人次，旅游收入55亿元，比去年增长百分之1,0
人次，旅游收入55亿元，比去年增长百分之1,0
人次的大型人才集市。1993年1年，全省人事部门人,1
人发表声明新华社北京10月31日电商务部新闻发言人3,1
人口发明专利拥有量由2007年的0.6件增长至20,1
人口平均受教育年限从1982年的5.2年提高到20,1
人口占比显著提高，从1982年的0.6%上升到20,1
人口占总人口的比例从1982年的7.2%提高到20,1
人乃至全社会的支持。2017年诺贝尔物理学奖得主巴,1
人体育事业。短短10几年，这项事业获得了中外,1
认购438倍，冻结资金逾546亿港元，创出,0
认识越来越深入。”“1992年，邓小平同志在南方谈,1
任办公会议研究公布。现在，直接由省农委办理，,1
任宋健在会上指出，从现在起，要用3年多的时间,1
日电（记者江国成）“5年前，中国的数字电话程控,1
日电国务院今天正式向8届全国人大5次会议提交,0
日电国务院总理李克强日前签署国务院令，公布修,1
日电商务部新闻发言人31日发表声明说，中美双方,1
日益强劲的发展活力。去年，山东省总额也达到1,1
融合发展的致富新路。2018年，黔南州调减低效作物,1
如果以此速度发展，在今后10年除大专院校毕业生外，,1
入100多亿元。这比过去40年投入的总和还要多。他,1
入社会生活。“凝聚光明，点亮智慧生活”。这,0
入新时代，实现“2个100年”奋斗目标、全面建成,1
萨尼迪斯获得9·687分，与英国的尼·托马斯,0
山东、湖南、云南、宁夏等地注重解决群众最急,0
山东、湖南、云南、宁夏——注重解决群众最急,0
山西晋中——建起示范廊带带,0
伤亡近2800万人。半个世纪转瞬逝去，欧洲经历了,1
商机。新疆建设兵团是43年前由100000驻疆人,1
商品结构进1步优化。去年全年，初级产品进口286,1
商务部新闻发言人发表声,0
上，看不见1点原色。1967年，父亲带我到贵阳办事,1
上海计划到本世纪末实现人均国内生产总值,1
上海人均国内生产总值今年将突破3000美元。,1
上海市长徐匡迪强调，本世纪末上海实现人均国内生产,1
上午8时正式关闭。自6月15日开始启用以来，该中心,1
上新台阶。（本报雅典10月31日电）,1
上兴建的第1座大桥。当时，中国领导人毛泽东曾,1
上也创下了历史之最，过去中国的对外开放主要是,1
上直连直通办理。截至10月14日，通过网上金融服务大,1
上住房补贴和住房公积金，1个双职工家庭购买,0
少人已陆续回国就职。与此同时，人才市场建设也在加,1
设巴郡，隋唐置渝州，宋设重庆府（至今已有8,1
设备等6大支柱产业在未来3年内仍将保持良好增,1
设计能力百分之78，去年已达7120000套,1
设立台帐时收取100元的手续费，因而将减轻,0
设施的汕头科技馆已于今年11月竣工投入使用。它作为,1
社北京10月31日电10月31日晚，中宣部在京召开学,1
社北京10月31日电商务部新闻发言人31日,0
社北京12月26日电今年以来，深圳、珠海、汕,1
摄影展据新华社圣保罗10月30日电（记者高春雨）第3,1
升）国际货币基金组织21日在此间发表1份临时评,1
生产总值达到743亿元，同改革开放前的19,0
生产总值的比重也将由1996年的百分之43，上升到,1
生活提供保障。比如，2010年通过的《中华人民共和,1
生活污水处理”项目。近年来，3峡库区的投资环境,1
省份江西、安徽、湖北近2年的经济快速发展提供了,0
省管辖。1954年至1958年，国家对其实行计划单,1
盛会在此拉开帷幕——10月28日上午，京西宾馆会议楼1层,1
师等。刘天健介绍说，现在凡在北京设有代表机构,1
施“徐州农业品牌发展3年行动计划”，品牌建设,1
施领域投资800多亿元人民币，建成1大批能,0
施细则》、《广东省外商投资企业中方干部管理,0
施细则》、《广东省外商投资企业中方干部管理,0
时，全国城镇公房月租金有了较大提高，部分地,0
时间持续5天半。据,1
时间持续5天半。据紫金山天文台的天文专家介,0
时期的终结新华社波恩8月31日电短评：欧洲战后历史,1
时期的终结新华社记者夏治沔俄罗斯军队31日,0
时清理不良资产，加强金融风险防范。展望虎年,0
时说，男选手的成绩是近10年来最差的1次，说明水平,1
识产权局，实现专利、商标、原产地地理标志集,0
实际到资19点1亿美元，相当于改革开放18,0
实际利用外资17亿美元，有3资企业1575,0
实际利用外资34亿美元。该市还大力发展乡镇,0
实际利用外资63亿美元，外贸出口连续占据中,0
实际使用外资9亿多美元，同比增长近百分之4,0
实施条例》新华社北京10月31日电国务院总理李克强日,1
实施再就业工程；深化金融体制改革，继续加强,0
实现了稳定的101.2秒稳态长脉冲高约束模等,0
史发展最快时期。上海今年预计全年出口可以超过,1
示了强劲的增长后劲。目前，在漳州投资的大型、,1
世》《白蛇：缘起》等最新涌现的动画佳作，以及,0
世界城市状况报告》，2014年，在发展中国家，有3,1
世界经济造成的影响比以前估计的要严重。预计世,1
市场建设也在加快。自1991年深圳市建立第1个常设,1
市公用设施发展。截至2017年末，城市供水管道达79,1
市管辖，总面积将达到8点20000平方公里，,0
市民化程度不断提高。2018年末，户籍人口城镇化率达,1
式。“中国的动漫作品清新生动，卡通形象俏皮,0
式启动，目标是实现到2017年增粮68亿斤，到20,1
势作了新的预测。预计今年全球贸易增长幅度为百,1
事故情况的的后指出，当前，江苏、安徽、山东、,1
视吸纳人才新华社广州9月1日电（记者赵维）近2年,1
是5年来增长最缓慢的1年。这比10月份该组织,0
是该集团副总裁朱鉴凡今天在接受记者采访时透露,1
是考虑这是实现“2个100年”奋斗目标的重大任务,1
是为人民服务。”最令秦怡难忘的角色之1是在,0
是中国“75”期间（1986至1990年）成套引进,1
是中国“95”期间（1996至2000年）的重大科,1
适的天文望远镜观测；当晚10时半还有1次更大的碰撞，,1
适应市场经济发展，从上世纪80年代起，专利法、商标法、,1
守道德，从我做起、从现在做起、从小事做起。有,1
守护日前，浙江省台州市仙居县,0
首次出现月度逆差后，去年下半年月月逆差，而且逆差额,1
售产值230亿元，比去年增长百分之16，工业,1
售产值230亿元，比去年增长百分之16。农业,1
输步入发展快车道。到2018年末，全国铁路营业总里程,1
输系统物流分析预测的前期调研。图们江开发计划,0
署。在今天的会议上，宋健传达了国务院领导关,0
曙光1000’计算机每秒最大计算速度已达25,1
术产品，年产值逾1亿元，被誉为“中华Ｂ超”,0
术创业创新博览会将于11月19日至22日在江苏南京举,1
术的最好供应方之1；1997年，欧盟在同中国的合作,1
术和成套设备，合同总金额比“75”增长近百,0
术研究成就新华社北京4月5日电（记者江国成）“5,1
水里淘真金“8山1水1分田”，面对这种特殊的,0
水平世界领先，是1场商品、技术和服务的大聚,0
说，中美双方经贸团队1直保持密切沟通，目前磋,0
说明。这是实现“2个100年”奋斗目标的重大任务,1
说明身份，就能把别人多年辛苦研究的成果瞬间学,1
司，筹措资金150亿元，盘活了存量资产，优,0
司，预计进博会期间的商业洽谈将超过1000,0
司、大集团。据统计，目前中国共有国有企业30,1
司首次来山东投资。到去年底，来山东投资的跨国公,1
司司长曾荫权为接收基金的公职人员。土地基金,0
松并不容易，但只要多1点努力，就有抵达目标的,0
宋设重庆府（至今已有800多年）。1891年重庆辟,1
素，理出标准化的监管清单。1方面要从政府审,0
素标准化，使管什么更清晰。城市管理千头万绪,0
素以农业发达的漳州市近年来在利用外资特别是在引,1
速、稳定”增长将成为今年经济发展的主旋律。据,1
速公路股份有限公司的6点5亿股Ｈ股紧接其后推,0
速增加，城镇就业比重2014年首次过半，2018年,1
算内财政收入140亿元，增长百分之6点3。,0
算内财政收入140亿元，增长百分之6点3。,0
岁月，抬头挥手别。从明天起，前途无量，让阳光,1
岁左右的年轻人。宋健今天向出席会议的数百名高,1
所描述的现实和未来，21世纪，科技进步在全球范围,1
索汇率过高外，墨出口今年还将面临1些新的不利,1
他感到很满意。这是他今天上午在“庆祝北京外国企业,1
他还成了牧原集团内乡20分场的1名勤杂工，每月,0
他律不可忽视。实践表明，放任自流不是文明养,0
他认为，“中国已经表明它能征服贫困和几代人,0
他指出，“当我们临近21世纪的时候，战争不再有任,1
她与丈夫金焰的合影。秦怡对小家和大家的爱，,0
态保护和修复制度，严明生态环境保护责任制度,0
态保护和修复制度，严明生态环境保护责任制度,0
谈话中说：‘恐怕再有30年的时间，我们才会在各,1
坦桑尼亚，吸引更多外商投资。”坦桑尼亚国家,0
探资金近10亿元，探明油气储量年均增长40,0
讨论稿）》向全会作说明。这是实现“2个10,0
特别行政区政府土地基金信托声明书》（简称《,0
特别值得指出的是，从去年7月份首次出现月度逆差后,1
特高压直流输电工程是目前世界上电压等级最高、,1
提高1点9个百分点。今年预计全省乡及乡以上工,1
提高了规模经营水平。现在，上海已形成外贸、工,1
提供意见。土地基金於1986年根据中英联合声明的规,1
题所困扰。新中国成立70年来，我国经历了世界历,1
体现了总结历史和面向未来的统1、保持定力和改,1
天的近70000人。70年来，中国科技事业发生,1
天工业部高级工程师。如今年逾古稀，他仍未停下,1
天然气资源新华社重庆1月16日电（记者李佩）中国石,1
天下之治不进则退’。当今世界正经历百年未有之,1
调查中心31日发布，10月份中国制造业采购经理,1
通衔接，深圳市计划到2010年，投资120亿元建设,1
同301项，合同投资金额24点6亿美元，实,0
同301项，合同投资金额24点6亿美元，实,0
同586份，合同金额2点65亿美元。,0
同比增长百分之21，全年进出口总额可达340,1
同金额2000多万美元。兵团是新疆最早利用,0
同时，这个市积极利用昔日荒芜的滩涂、浅海，大,1
同外资1000多万美元，是山东目前最大的农,0
彤）中国化工行业克服上半年出现的全行业亏损局面,1
统和深厚文化底蕴的文明古国，当前都肩负着国,0
统计局服务业调查中心31日发布，10月份中国制,1
头，全年进出口1526点2亿美元，增长百分之,0
头特区的区位优势日益明显。到今年年底，全市,0
头特区的区位优势日益明显。到今年年底，全市,0
投入勘探资金近10亿元，探明油气储量年均增,0
投入累计已近70亿美元，占深圳实际利用外资,0
投资金额24点6亿美元，实际利用外资8点8,0
投资金额24点6亿美元，实际利用外资8点8,0
投资了1000多万美元，现在资产已发展到7,0
投资力度，投入勘探资金近10亿元，探明油气,0
投资项目48项，合同金额2000多万美元。,0
透露，目前，全国公积金累计归集额超过800,0
图们江开发新华社长春12月16日电（记者周长庆）今年,1
土地基金增强特区财政储备总额,0
土委会英方同意後，在1986年8月13日正式成立「香港特别行,1
团团长访谈新华社北京12月25日电（记者张荣典）欧盟,1
推动践行以爱国奉献、明礼遵规、勤劳善良、宽,0
推动了拓扑学的发展。1965年9月17日，中科院上海生物化学,1
瓦·贝林基均以9·700分并列第3名。罗马尼亚,0
外搭载实验项目；嫦娥4号获得的月球背面探测数,0
外汇基金之外，由香港金融管理局在财政司司长,0
外经贸3大政策调整。今年国家实行外经贸3大政,1
外经贸企业205家，今年预计完成进出口总额2,1
外贸出口总值的比重由上年的百分之14点5下降,1
外贸进出口总额达到220点2亿美元，比1993,0
外贸口岸，对外贸易已连续多年以2位数快速增长。今,1
外商纷纷准备投资3峡库区,1
外商纷纷准备投资3峡库区,0
外商投资单位之1。到去年底，兵团注册外商投资企,1
外长来访和进行政治磋商表示欢迎。他说，中乌,0
外长来访和进行政治磋商表示欢迎。他说，中乌,0
外资额为1147亿美元，分别比“75”增长,0
外资预计可达28亿美元，增长百分之15点6,0
外资预计可达28亿美元，增长百分之15点6,0
完成6点5亿美元，是1993年的3点53倍，技术贸,1
完成产值138点7亿元，比1990年增长1,0
完成销售产值230亿元，比去年增长百分之1,0
完成销售产值230亿元，比去年增长百分之1,0
王发恩）中国小将罗莉今天在这里冲破东欧和美国,1
网改造工程，并重点对去年冬天因管网老旧、爆管,1
网用户介绍兵团、寻求商机。新疆建设兵团是4,0
网用户介绍兵团、寻求商机。新疆建设兵团是4,0
往，科学发展可能会在不久的将来遇到困难。他希,1
旺、生态宜居、乡风文明、治理有效、生活富裕,0
旺盛的发展势头。1到11月份，全省新签对外承包,1
微企业发展，全国城镇每年新增就业都在1300,1
为1097．98亿美元，分别比1996年增,0
为1103．80亿美元，进口额为1097．,0
为3名轮岗人员之1，2008年入职的主任科员许雷由,1
为49.3%本报北京10月31日电（记者杜海涛）中国,1
为78．89亿美元，1996年为64．24亿，而去,1
为9·712和9·812分。意大利的尤·凯基以,0
为肝癌。中国已确定了未来5年高技术研究重点，,1
为特区政府管理这项基金，并保存其价值。土地,0
为突破口，较好完成了全年生产和建设任务。她介,1
为重点，以慈善事业、商业保险等为补充的社会,0
委员、中宣部部长黄坤明出席会议并讲话，强调,0
委员会第4次全体会议现在开幕！今天上午召开第,1
委员会移民开发局官员今天在接受记者采访时透露,1
委专家分析测算，要在2000年实现人均国内生产总值,1
位科学家用3分钟预测未来；“国际大科学计划”,1
位数快速增长。今年到11月底，全省实现进出口额首,1
魏根深大使，请他评价这1年来双方的合作成果时，,1
文化自信的基本依据。当今世界正经历百年未有之,1
文明暴露虚伪（钟声）10月30日，美国国务卿蓬佩奥在,1
闻发言人31日发表声明说，中美双方经贸团队,0
稳步增长的态势，1至10月进出口总额64点1亿,1
问题，昆明及时增开昆明火车站南北广场摆渡车,0
问题，特别要注意及时清理不良资产，加强金融,0
乌拉圭客人新华社北京8月31日电国务院副总理兼外长,1
无可辩驳的事实充分证明，这是1条符合中国国,0
无权和被分裂的状态。不久，美苏2国在欧洲的较,1
务，提高其购房能力。去年，中国建设银行和工商,1
务。她介绍说，全行业全年生产化肥272000,1
务部新闻发言人发表声明新华社北京10月31,0
务合同586份，合同金额2点65亿美元。,0
务委员兼国家科委主任宋健今天在“863计划,0
西乡村振兴示范市，从今年5月开始，晋中市在寿阳、,1
吸纳外资2点65亿美元。到去年底，山东省发,0
吸引外商投资的热点。去年，山东省各类经济开发,1
晰行政职能和改革范围2017年，安徽对全省行政类事,1
戏、演电影了！”这是1949年迎接新中国诞生时秦怡,1
系列问题。新中国成立70年来，我国经历了世界历,1
系列优惠政策，鼓励外商投资3峡库区。去年1,0
系列优惠政策，鼓励外商投资3峡库区。去年1,0
系统研制任务；在神舟11号与天宫2号交会对接任,0
下1步独立开发生产高清晰度玻壳和宽屏幕彩电,0
下简称《条例》），自2019年12月1日起施行。《条例》共1,1
下子“活”了起来。这几年，飞机多了，航程远了,1
娴）记者从农业农村部31日举行的新闻通气会上获,1
显的标志是，住房公积金制度开始普遍建立。据,0
显著、城乡面貌变化最明显、人民得到实惠最多,0
显著。利用外资趋向多元化，大批特区企业走向,0
现“中国渔都”风采。去年，舟山市渔业产量达到,1
现代化，为实现“2个100年”奋斗目标、实现中华,1
现代化；到新中国成立100年时，全面实现国家治理,1
现代化；到新中国成立100年时，全面实现国家治理,1
现代化；到新中国成立100年时，全面实现国家治理,1
现代化；到新中国成立100年时，全面实现国家治理,1
现代化；到新中国成立100年时，全面实现国家治理,1
现代化的高度，旗帜鲜明坚持党的绝对领导，拿,0
现代化基本实现’；到本世纪中叶，‘实现国家治理,1
现的全行业亏损局面，全年完成工业总产值278,1
现今几乎成为平常事。1992年，江苏扬中县农民集资,1
现实产业就是有力的证明。新1轮科技革命和产,0
现在资产已发展到7亿元人民币，所有的收益我,0
献的家国大义，知晓了明礼遵规的文明法则，读,0
乡入乡创业创新热土。2018年，各类返乡入乡创业创,1
相比，只获得9·875分，夺得银牌。乔基娜的,0
香港，团结就是方向。7月的艳阳，照遍香港，回,1
香港特别行政区土地基金」（土地基金）。同时,0
香港特区全国政协委员今天视察了国家重点建设的,1
香山论坛会更加香远益清，不断增强传播力影响,0
享其他3枚金牌。参加今天比赛的2名中国男选手,1
享人文交流的生动故事10月31日，由中国国务院新闻办,1
向港澳及内地客商介绍今年国家将实行的外经贸3,1
向他提供意见。土地基金於1986年根据中英,0
项，创产值100多亿元，创汇5亿多美元。培,0
项目上所提供的援助资金超过65000000,0
项目总投资近23亿美元，合同外资10多亿美,0
项任务，为实现‘2个100年’奋斗目标、实现中华,1
项数字仅为1500美元。据上海市计委专家分,0
硝烟的战争”有了更加清醒深刻的认识，对境外,0
小事”作为头等大事宁夏回族自治区成立7个督,0
校建设行动计划。截至今年9月，已完成教师周转房项,1
效拉力。固定资产投资今年将增长百分之10，社,1
效能，迫切需要改革。2016年，中央全面深化改革领,1
协议。他透露，欧盟在1998年同中国的合作项目上计,1
心”。总投资100亿元人民币，为期15年的,0
心等功能互补的条件。目前港商在深圳实际投入累,1
心阅读中国科学院成立70年来，1代又1代科研人,1
欣怡爱岗敬业，寄托了秦怡老师对工作和生活无,0
新版全国纳税服务规范11月起实施本报北京10月,1
新创造重新赋予价值。1985年3月29日，胡国华到专利局查阅,1
新机遇。”约旦安曼工商会会长法特黑·贾比尔,0
新区外贸出口28亿美元，占全市出口的5分之,0
新为企业增信本报宜昌10月31日电（范昊天、周燕琼）,1
新闻广播中心星期3关闭香港政府为方便世,1
新闻及广播中心，将於本星期3（7月9日）上午8时正式关闭。自6月15,1
新中国成立后修的，几10年前偶尔有车通过。我小时,1
形象1922年出生的秦怡，16岁开启舞台生,0
型成就展”上，胡国华30多年前获得的851000,1
型工业开发区，批准外商投资项目4000多个,0
型工业开发区，批准外商投资项目4000多个,0
型上取得明显成效；到2035年，各方面制度更加完善,1
型上取得明显成效；到2035年，各方面制度更加完善,1
型上取得明显成效；到2035年，各方面制度更加完善,1
型上取得明显成效；到2035年，各方面制度更加完善,1
型上取得明显成效；到2035年，各方面制度更加完善,1
兴趣。3峡移民开发局目前正加紧对3峡库区开发,1
性充分展现新华社北京10月31日电中国共产党第19届,1
性充分展现新华社北京10月31日电中国共产党第19届,1
性的残疾人体育比赛于50年代后期开始举办。竞赛促进提,1
性进展，使淮河初步变清。从现在起用3年多的,0
性问题上达成了共识。目前欧盟同中国关于中国加,1
秀视听作品，于8月至10月在全球50多个国家6,1
宣布，在2月21日至26日公开发售期间，获超额,1
宣言谈起，回顾了中东几百年、特别是近半个世纪以,1
学家的共同努力，历时近20年，绘制了人类基因组图,1
讯等世界知名的企业。目前，这家外企服务总公司,1
沿海工业也纷纷内迁。1940年为国民党政府“陪都”,1
研成果，服务国计民生70年来，中科院坚持科研成,1
研究重点，并着手制订下世纪的高科技研究计划。宋,1
掩自豪，“专利法对发明创造加以保护，不仅给,0
眼界。今年被视为5G商用元年，得益于信息技,0
演，全程亲力亲为。与秦怡老师拍对手戏的演员,0
演的背景资料：编钟：1978年，湖北曾侯乙墓发现1,1
阳分印点开印本报北京11月1日电今日，人民日报福建,1
杨福田）中国科学院紫金山天文台今天在此间宣,0
养成好品行。”这1鲜明主张，充分反映了新时,0
要改？建立权责清单，明晰行政职能和改革范围,0
要国家和地区贸易往来10分活跃，贸易额都有不同,0
要回归的行政职能比较清晰完整，行政主管部门,0
要经济体中位居前列，连续多年对世界经济增长的贡献,1
要看到，我国正在实施2018年到2020年3年棚改,1
要途径。上海百分之62点4的居民现有住房仍属,0
要严重。预计世界经济今年的增长率为百分之4点,1
要在病房里见证这庄严1刻。“国家给这么高的荣,0
也不再止于念想。截至今年9月底，黔南全州新增农业龙,1
也掀起了开放的热潮。现在，全国已有1194个,1
野、把握时代脉搏。”10月29日，习近平主席向第2届,1
业。近年来，不少约旦商品也已进入中国市场，,0
业出口16点37亿美元，同比增长百分之23,0
业出口16点37亿美元，增长百分之23点6,0
业单位。”郭本纯说，去年底，省本级已完成试点改,1
业对接活动在徐州举办2019年11月1日—3日江苏·徐州,1
业方兴未艾新华社北京9月2日电题：中国残疾人体育,1
业改革成效显著，全市今年工业总产值预计达12,1
业继续居于主导地位。去年国有企业全年进出口1,1
业加速聚集、特色更鲜明。比如济南片区将重点,0
业结构。她特别强调，今年化工进出口贸易进1步,1
业链不断延伸。”截至目前，燕启富流转的土地从,1
业链高峰论坛30日至31日在山东省烟台市举办。,1
业取得新的重大进展”10月底的北京，宽阔的长安街,1
业总产值470多亿美元，比上年增长近百分之,0
夜空视野的碰撞发生在17日晚7时半，碰撞后15分钟内，,1
医疗旅游等优势产业。近年来，不少约旦商品也已,1
已成了外商投资热点。与此同时，中国从30多个国家,1
已成了外商投资热点。与此同时，中国从30多个国家,0
已增至约3500亿港元。连此在内，外汇基金,0
以9·787分获吊环金牌。今天吊环决赛是历,0
以促进海洋生态平衡。近2年来，舟山渔场的水产资源,1
以农机购置补贴为例，以前项目审批先由事业单位,1
以上属加工贸易出口。目前全省从事加工贸易人数,1
亿72000000港元，中央政府今日将土地,0
亿港元的土地基金资产今日（星期2）移交香港特别行政区,1
亿美元（6318亿港元）是外币资产，是世界,0
亿美元，均增长百分之13点6。预计全年外贸进出,0
亿美元，均增长百分之13点6。预计全年外贸进出,0
亿美元，其中出口139点6亿美元，比去年同期,0
亿美元，实际利用外资8点89亿美元，比去年同,0
亿美元，实际利用外资8点89亿美元，比去年同,0
亿美元，占全市出口的5分之1。据悉，近5年来,0
亿美元和28点9亿美元，均增长百分之13点,0
亿美元和28点9亿美元，均增长百分之13点,0
亿元，同改革开放前的1978年相比，增长4倍；城镇,1
义行政体制，构建职责明确、依法行政的政府治,0
义行政体制，构建职责明确、依法行政的政府治,0
义制度的重要内容予以明确，标志着中国特色社,0
议外资59点34亿美元，分别占总量的百分之,0
议外资76点94亿美元，规模居全国第1位。,0
亦保持快速增长势头，全年进出口1526点2亿,1
易顺差为5．82亿美元。对外贸易在墨西哥经,0
易台帐制度新华社广州3月28日电（记者车晓蕙）今天,1
易占了相当大的份额。去年广东省整个加工贸易出,1
引进及合资合作为主，如今已开始向引进服务、引,1
应，成为世界物理学界近年来最重要的实验进展之,1
勇前进的步伐。在长达1小时40分的工作报告中，习近平,1
用5G无人机和4K高清传输技术巡查输电线路,0
用外资51亿多美元。今年前3个季度，全市新签,1
用信息平台，正在攻克长期存在的数据存储、传输,1
忧参半新华社墨西哥城1月20日电新闻分析：墨西哥对,1
油资源量近42亿吨。目前，已探明22个油气田,1
有1座跨江大桥。直到1965年允景洪澜沧江大桥建成,1
有百分之1点1。预计今年发展中国家经济增长百,1
有决心、有信心实现到本世纪末初步建立社会主义市场,1
有目共睹。市场规模从2016年的34.6亿元增加到,1
有着友好的交流往来。今天的活动以动漫为载体，,1
于1996年的百分之10点8。发展中国家199,0
于被收养人原则；针对近年来社会关注度较高的网,1
于上海经济的发展，而近6年来上海经济的快速增长又,1
余部优秀视听作品，于8月至10月在全球50多,1
渔场的水产资源已开始明显回升，近海捕捞量逐,0
渝地维护自己决定自己未来的权利。”《新中东》,0
与美元的联系汇率订为7点8港元兑1美元。,0
与木星碰撞时距地球达7点7至7点8亿公里之遥,0
予刘士余同志留党察看2年的处分。全会号召，全,1
予刘士余同志留党察看2年的处分。全会号召，全,1
予以支持。开发计划署几年来1如既往地支持图们,1
育事业开始萌芽。国家每年都拨专款用于开展残疾,1
预测。报告认为，亚洲金融危机给世界经济造成,0
预测分别低了0点1和0点8个百分点。基金组织,0
预计实现利税180亿元。全国省区中，有27,0
元，比“75”时期（1986年至1990年）增长1,1
元，比1990年增长3点8倍，年均增长速度为,0
元，比去年增长百分之10点29。,0
元，比去年增长百分之10点29。,0
元，比去年增长百分之10点7。她说，化工行业1,0
元，比去年增长百分之17点5。珠海的立体交通框,0
元，比上年增长百分之18点85，其中出口额为1,0
元，而这1数据预计到2021年将达到544.5亿元,1
元，增长百分之16。今年前10个月厦门市国有,1
元，占全国的百分之88点8。5个经济特区全年,0
元。连此在内，外汇基金和土地基金的资产总值,0
元设立了图们江发展基金，目前从该基金中拿出,0
员表示，回顾人民军队90多年的辉煌历程，1个非常,1
员访问中国。他预计在未来的1年中，欧（盟）中,1
员会副主任张明全说，1997年山东利用外资的质量和,1
员兼国家科委主任宋健今天在“863计划”工作,1
员那里得知：3天后的4月1日，《中华人民共和国专,1
员视察宁波新华社宁波10月31日电（记者王丽丽柴骥程,1
原来的4亿余港元增至5点32亿港元，深圳高速,0
源（大数据观察·辉煌70年）1985年，“85100001,1
源，发展天然气化工。目前在长江上中游地区发现,1
源，已取得初步成效。80年代广东改革开放的“先行,1
源、举办中国华东出口商品交易会等活动，增强,0
源、举办中国华东出口商品交易会等活动，增强,0
远离文明暴露虚伪（钟声）10,0
院副总理兼外长钱其琛今天下午在这里分别会见了法国,1
院副总理邹家华参加了今天举行的投产剪彩仪式。,1
院高度重视食品安全。2015年新修订的食品安全法的,1
院环境保护委员会主任宋健在会上指出，从现在,0
约3324000米，每年可向华东地区输送电量,1
约国地位，并相信它在未来的世界贸易组织中作出,0
月17日起，港元与美元的联系汇率订为7点8,0
月18日电（记者董学清）山东省对外经济贸易,0
月1日电（记者赵维）近2年来，广东省努力探索在市,1
月27日生效当天起至1997年6月30日止，香港政府的卖地收,1
月厦门市国有企业出口16点37亿美元，同比增长,0
月厦门市国有企业出口16点37亿美元，增长百分,0
月下旬至来年4月初为大雪封山期。前不久，驻守,0
越南的农业援助项目，90年代兵团承担了中国援助布,1
运等行业的专家认为，今后3年里，第3产业将对上海,1
杂的斗争，表达了他对今后建设1个新中东的看法,0
再传捷报：截至97年12月末，油气产量达1600,1
在1系列会议上提出，1998年改革的重点任务之1是,1
在地，为中央直辖市。1954年改为地级市，由4川省,1
在珲春市投资近1亿美元，外资企业已成为当地,0
在捷克举行本报布拉格10月31日电（记者于洋）为庆祝,1
在世界贸易中的排位由1990年的第15位上升至第1,1
在投资等方面的合作在1997年都取得了显著的发展。,1
在外商投资企业中，外商独资企业进出口增长尤,0
在外商投资企业中，外商独资企业进出口增长尤,0
在总体从紧的大前提下金融调控如何适时、适度,0
则，深化审批、监管、商事、投融资等领域改革,0
增势，消费品PMI较上月上升0.3个百分点至,1
增长38.8%，连续2年保持30%以上的增速,1
增长百分之12点1，全年出口增长速度高达百分,1
增长百分之13点5。今年前10个月厦门市国有,1
增长百分之14点2，今年的增长速度也将达到百,1
增长百分之2点5，为90年代以来增长最缓慢的年份,1
增长百分之4点9，比10月份的预计低了1点3个,1
增长百分之5点9，而明年仅增长百分之4点9，,1
增长的势头。深圳特区今年全年国内生产总值可达11,1
增长的预测。根据它的最新估计，今年工业化国家,1
增长的主要动力之1。1994年墨西哥金融危机爆发后,1
增长点。据预测，上海今年技术出口成交额可完成,1
增长都将明显放慢。基金组织还对世界商品和劳,0
展保持增势新华社福州1月18日电（记者许霆）中国闽,1
展示各国发展成就、营商环境和特色产业：希腊,0
展示古丝绸之路沿线文明千年来的变迁。据统计,0
展之路。事实上，由于前几年抑制经济增长的主要障,1
展最快时期新华社上海12月20日电（记者吴宇）今年1,1
占出口总值的百分之93点1，比1993年提高,0
占领了德国及其首都。当时德国的最高决策当局是,1
占外贸总值的百分之46点9。在外商投资企业中,0
占外贸总值的百分之50点4。外商投资企业进出,0
战乱之苦的人。原曲长50分钟，今天演出的是长约2,1
战略纲要制定工作。从1985年我国开始实施专利法，,1
张荣典）欧盟委员会于去年11月通过了《欧盟对华新战,1
长百分之15和百分之22点7，贸易顺差为5．8,0
长百分之16。今年前10个月厦门市国有企业出口1,1
长百分之3点2，预计1998年将增长百分之3，与1,1
长百分之5。非洲经济1997年估计增长百分之3，低,1
长百分之5点2，高于去年的百分之3点7，19,1
长百分之6点5，低于去年的百分之7点4，19,1
长百分之9点4，扭转1996年百分之5点3的低增长,1
长的贡献率达百分之40点6，科技工作呈现良好,0
长的势头；欧盟委员会最近决定向欧盟部长理事会,1
长的预测新华社华盛顿12月21日电（记者翟景升）国际,1
长后劲。海南特区经济今年以来在结构调整中实现,1
长江大桥总投资3亿多元，全部靠民间集资建成,0
长理事会提议将中国从以前的“非市场经济国家”,1
长率达百分之1点7，1998年预计增长百分之3点2,1
长率将从今年的百分之3点8下降到百分之2点4,0
长率为百分之3点9，明年为百分之3点6。其中,1
长率为百分之4点1，明年降为百分之3点5，是,1
长率预计分别为百分之6点8和百分之5点7，比,0
长速度分别达百分之47点7、百分之24点9和,0
长最缓慢的1年。这比10月份该组织公布的预测分,1
找出来、理清楚，形成清晰具体的监管要素，理,0
者，必以奉法为重”。2014年11月1日，《中华人民共和国反,1
者翟景升）国际货币基金组织21日在此间发表,0
这1正义之举，有力表明开放合作是包括科学界,0
这本书所描述的现实和未来，21世纪，科技进步,1
着城镇职工再也不能象过去那样，从他们工作的单,1
着应对国内外风险挑战明显增多的复杂局面，保,0
针对网民反映强烈的昆明火车站换乘地铁不便的,0
正在实施2018年到2020年3年棚改攻坚计划，城镇棚,1
证着这1重要的时刻。下午3时，闭幕会开始，习近平,1
政策措施，1998—2005年促进全国1900多万,1
政倒逼问题整改，截至目前整改问题已达51个。,1
之12点6和百分之82点4。特别是已办成的项,0
之21点93和百分之17点95。近年来，江苏省,0
之39点9和百分之38点2。中间产品进口增长,0
之3点8下降到百分之2点4，日本明年的经济增,0
之47点7、百分之24点9和百分之22点1。,0
之6点25。中国经济1997年可望增长百分之9点3,1
之6点7，比去年提高1点9个百分点。海南特区,0
之6点7，比去年提高1点9个百分点。今年预计,0
之84点3，进口总值21点8亿美元，同比增百分,0
之84点3，进口总值21点8亿美元，同比增百分,0
之道，1个社会整体文明素养的演进，往往都是,0
只需交纳极低的租金。1994年，《国务院关于深化城,1
知，金融危机爆发前的1994年，墨贸易逆差曾高达1,1
肢和左眼的朱彦夫，几10年奋斗不止带领老百姓蹚,1
织公布的预测分别低了0点1和0点8个百分点。,0
织为代表的国际社会，1直对图们江地区国际合作,1
织中作出积极的贡献。今天上午，加米奥代表乌拉圭政,1
直是外商投资的热点，今年吸引的外资占全省1半,1
值。如今，茶香村也从2000年人均收入不足400元,1
值138点7亿元，比1990年增长10倍，发展速度,1
值470多亿美元，比上年增长近百分之80，出,1
值5000美元。经过近几年来的快速增长，上海人均,1
值达2点770000元，达到世界中等收入国,0
值达到515亿元，比1990年增长3点8倍，年均增,1
值的百分之83点7。去年中国除对亚洲、欧洲及,1
值将超过1700亿港元，其中包括400亿港,0
值首次突破1000亿元大关，位居全省首位。,0
值逾10000亿元。2016年至2018年，我国知,1
止，已决出7枚金牌。明天将进行最后5个男女单,1
指出，从现在起，要用3年多的时间，力争使淮河水,1
指出，明年中国将针对当前经济生活中的热点和难,0
至10月进出口总额64点1亿美元，增长百分之,0
至10月进出口总额64点1亿美元，增长百分之,0
至11。经专家测算，今后3年上海固定资产投资总额,1
制度开始普遍建立。据最近在北京召开的部分省市,1
制度试点城市东莞市，去年11月27日到今年3月15日东莞,1
制经济就业人员占比从1978年的0.2%提高到20,1
制了出口。众所周知，金融危机爆发前的199,0
制委员会”。德国此后长期处于无权和被分裂的状,1
质量发展的重大机遇。当前，在新旧动能转换从“,1
质量和效率持续提升，2018年累计减免专利费用58,1
质性进展。李铁映说，明年中国深化国有企业改革,1
治理的关系，1条主线清晰可见，那就是在国家,0
治理能力的重要依托。日前，全国人大常委会审议,1
治理体系。实践充分表明，我国国家制度和国家,0
置和软件应用都达到了当今国际同行业先进水平；,1
中保持世界领先水平。2008年，薛其坤率领团队首次,1
中出口139点6亿美元，比去年同期分别增长,0
中出口和进口分别达35点2亿美元和28点9亿,0
中出口和进口分别达35点2亿美元和28点9亿,0
中东几百年、特别是近半个世纪以来错综复杂的斗争，,1
中俄朝3国在世界上招商，帮助搞开发项目的可,0
中俄朝3国在世界上招商，帮助搞开发项目的可,0
中国“第1号专利”发明人，原航天工业部高级,0
中国观测苏梅克—列维9号彗星撞击木星的具体时,0
中国家经济增长百分之5点9，而明年仅增长百分,0
中国经济新的增长点。1993年，长江中游的9江大桥,1
中国去年进出口总值逾3250,1
中国确定明年经济体制改革主要任务,1
中国伤残人体育协会（1990年更名为中国残疾人体育,1
中国视野的碰撞发生在17日下午2时半，彗核编号为第19号,1
中拿出100000美元正在进行中国珲春边境,0
中文版作序新华社北京8月31日电以色列外交部长西蒙,1
中央人民政府把土地基金资产移交特区政府的手,0
中央委员表示，新中国70年来中国共产党带领中国,1
中央政府今日将土地基金移交特区政府後，其资,0
中占举足轻重的地位。目前，出口已占其国内生产,1
忠）联合国经社事务部16日发表世界经济年度报告,1
钟，今天演出的是长约20分钟的精华版本。原曲在内,1
重大进展，增强了对外商投资的吸引力。据统计,0
重大进展，增强了对外商投资的吸引力。据统计,0
重大碰撞现象。南京紫金山天文台行星研究专家,0
重要的交通枢纽。早在商至战国时期重庆就是巴,1
重要的交通枢纽。早在商至战国时期重庆就是巴,1
重要的实验进展之1。2012年，中科院高能物理研究,1
舟山渔民大多采取与外商合资、合作或补偿贸易,0
舟山渔民大多采取与外商合资、合作或补偿贸易,0
周亮）“85”期间（1991年至1995年），中国,1
主米歇尔·马约尔说，30多年前，他就和中国天文学,1
主任覃立模分析说：“1993年广东经济发展速度为近,1
主要矛盾、实现“2个100年”奋斗目标和中华民族,1
主义制度是党和人民在长期实践探索中形成的科学,1
主义制度是党和人民在长期实践探索中形成的科学,1
主义制度是党和人民在长期实践探索中形成的科学,1
主义制度是党和人民在长期实践探索中形成的科学,1
主义制度是党和人民在长期实践探索中形成的科学,1
主旨报告中指出，中国今年化工行业尽管面临多项,1
砖国家媒体联合摄影展30日上午在巴西圣保罗文化中心,1
转型升级的磅礴动力。2018年，中国通过《专利合作,1
装箱航运体系。厦门市今年外贸进出口保持了稳步,1
装箱运输干线。厦门市今年1至10月进出口总额,1
状况和职工收入水平，目前还只能实行成本价售房,1
撞时距地球达7点7至7点8亿公里之遥，相当于,0
锥炉点火成功，仅用了13个月，工期比安玻1期缩短,1
卓越，勇攀科学高峰。上世纪50年代，吴文俊在拓扑学研究,1
资2点65亿美元。到去年底，山东省发行Ｈ股、Ｎ,1
资3峡库区新华社北京10月13日电（记者朱华颖胡绿杰,1
资80000000美元的柑橘良种繁育、技术,0
资8点89亿美元，比去年同期增长百分之11点9。,1
资8点89亿美元，比去年同期增长百分之11点9。,1
资的吸引力。据统计，近5年，江苏省通过政府投资,1
资规模不断扩大。1到11月份，全省新批外商直接,1
资环境也在不断改善。目前，宜昌3峡机场已经建,1
资金由原来的4亿余港元增至5点32亿港元，,0
资累计达48点8亿美元，实际到资19点1亿,0
资实际到位30多亿美元，同比增长百分之9。,0
资项目上获得突破。从1993至1997年10月，该,1
资源。“95”期间（1996年至2000年），4川,1
资源开始出现萎缩。到80年代中期，号称东海“4大家族,1
谘询委员会，就土地基金的管理及投资策略向他,0
子产品发展速度加快，1995年完成产值138点7亿,1
子工业新的支柱产品。去年，电话机生产1611,1
子计算机。宋健说：“如今，中国已能生产上万门,1
子物理发展的大门”。2017年，潘建伟团队在国际上,1
自己所特有的道路。它过去没有屈服于任何外来压,1
自然和谐共生。生态文明建设是关系中华民族永,0
自然和谐共生。生态文明建设是关系中华民族永,0
自有公论。新中国成立70年来，中国人民在中国共,1
字显示，1992年至1996年上海国内生产总值年均,1
总额的比重达百分之85点6，比1990年提高,0
总额预计为6000亿元至7000亿元，社会,0
总金额1000多万美元；境外投资项目48项,0
总投资超过百亿元。到2000年前，江阴大桥、南京2桥,1
总投资为10000亿元的长江开发开放计划。,0
总值1698点1亿美元，增长百分之15点8,0
总值的半数以上。1至11月份，浦东新区外贸出口,1
总值年均递增百分之42点9，辖下的晋江、石狮,0
总值由5年前的百分之17点9提高到百分之31点,0
总值约达7176亿港元，其中超过810亿美,0
足之处。”这是秦怡在2009年上影成立60周年大会,1
组织的网络进行国际招商。以联合国开发计划署,0
组织的网络进行国际招商。以联合国开发计划署,0
最大城市上海决心抓住本世纪最后3年的发展时机，,1
最高海拔5128米，每年10月下旬至来年4月初为大雪封,1
最快的同类项目还提前5个月；2是实现了国内外人,1
最为活跃的地区之1。目前，该地区经济发展继续,1
作时，中心已搬到宽敞明亮的办公楼，每个工作,0
作提供便利条件。”在最近举行的厦门国际贸洽会,1
作推向深入，中国政府近年来制定了1系列优惠政策,1
作为1个历史名城和通商口岸，它发展得很快，,0
作为1个历史名城和通商口岸，它发展得很快，,0
作项目21项，合同总金额1000多万美元；,0
作项目上计划提供的资金将保持今年的水平。在,0
